timestamp,base_yaw.pos,base_pitch.pos,elbow_pitch.pos,wrist_roll.pos,wrist_pitch.pos
215.510298901,29.057337220602534,-44.68431771894094,82.83261802575109,3.0620467365028077,5.431619786614931
215.543755764,30.32069970845481,-44.68431771894094,82.83261802575109,3.0620467365028077,5.431619786614931
215.577187942,31.486880466472314,-44.68431771894094,82.83261802575109,3.0620467365028077,5.431619786614931
215.610617621,32.55587949465502,-44.68431771894094,82.83261802575109,3.0620467365028077,5.431619786614931
215.644075836,33.52769679300292,-44.68431771894094,82.83261802575109,3.0620467365028077,5.431619786614931
215.677503403,34.402332361516045,-44.68431771894094,82.83261802575109,2.981466559226419,5.431619786614931
215.7109356,35.276967930029144,-44.68431771894094,82.83261802575109,2.7397260273972677,5.431619786614931
215.744396111,35.9572400388727,-44.68431771894094,82.83261802575109,2.7397260273972677,5.431619786614931
215.777827734,36.63751214771622,-44.68431771894094,82.83261802575109,2.820306204673642,5.431619786614931
215.811259301,37.1234207968902,-44.68431771894094,82.83261802575109,2.659145850120879,5.431619786614931
215.844711609,37.60932944606415,-44.68431771894094,82.83261802575109,2.497985495568102,5.431619786614931
215.878142917,37.9980563654033,-44.68431771894094,82.83261802575109,2.7397260273972677,5.431619786614931
215.911576285,38.0952380952381,-44.68431771894094,82.83261802575109,2.981466559226419,5.431619786614931
215.945036452,37.9008746355685,-44.765784114052956,82.83261802575109,2.981466559226419,5.431619786614931
215.978469675,37.706511175898925,-44.84725050916497,82.83261802575109,2.981466559226419,5.0436469447138705
216.011896176,37.51214771622935,-44.84725050916497,82.91845493562232,3.0620467365028077,4.558680892337534
216.045354583,37.51214771622935,-44.84725050916497,82.91845493562232,3.0620467365028077,4.558680892337534
216.078785177,37.51214771622935,-44.84725050916497,83.26180257510728,3.0620467365028077,4.461687681862259
216.112217159,37.41496598639455,-44.765784114052956,83.862660944206,3.0620467365028077,4.461687681862259
216.145731788,37.41496598639455,-44.765784114052956,84.54935622317598,3.0620467365028077,4.461687681862259
216.179156048,37.31778425655975,-45.010183299389006,85.15021459227466,3.0620467365028077,4.364694471387011
216.212581049,37.31778425655975,-45.17311608961303,85.66523605150215,2.981466559226419,4.364694471387011
216.246072196,37.220602526724974,-45.25458248472505,86.09442060085837,3.0620467365028077,4.364694471387011
216.279502012,36.831875607385825,-45.25458248472505,86.43776824034336,3.0620467365028077,4.364694471387011
216.312930753,36.05442176870747,-45.336048879837065,86.78111587982832,3.0620467365028077,4.364694471387011
216.346431882,34.791059280855194,-45.336048879837065,87.03862660944205,3.0620467365028077,4.364694471387011
216.379856439,33.13896987366377,-45.336048879837065,87.2961373390558,3.1426269137791962,4.364694471387011
216.41328194,31.19533527696794,-45.336048879837065,87.55364806866953,3.1426269137791962,4.364694471387011
216.44676518,29.057337220602534,-45.336048879837065,87.81115879828326,3.1426269137791962,4.364694471387011
216.480190681,26.724975704567527,-45.336048879837065,87.98283261802575,3.1426269137791962,4.364694471387011
216.513622293,24.198250728862973,-45.336048879837065,88.06866952789701,3.1426269137791962,4.364694471387011
216.547082275,21.768707482993193,-45.41751527494908,88.24034334763948,3.1426269137791962,4.364694471387011
216.580512775,19.339164237123427,-45.41751527494908,88.32618025751074,3.1426269137791962,4.364694471387011
216.613946332,17.006802721088434,-45.41751527494908,88.32618025751074,3.1426269137791962,4.364694471387011
216.64739935,15.354713313896994,-45.41751527494908,88.41201716738198,3.1426269137791962,4.461687681862259
216.680831296,13.605442176870739,-45.41751527494908,88.41201716738198,3.1426269137791962,4.461687681862259
216.714263259,12.0505344995141,-45.41751527494908,88.41201716738198,3.1426269137791962,4.461687681862259
216.747719852,10.787172011661823,-45.41751527494908,88.41201716738198,3.223207091055585,4.461687681862259
216.781151908,9.620991253644306,-45.41751527494908,88.41201716738198,3.223207091055585,4.461687681862259
216.814580965,8.649173955296405,-45.41751527494908,88.41201716738198,3.223207091055585,4.461687681862259
216.848036224,7.871720116618079,-45.41751527494908,88.41201716738198,3.223207091055585,4.461687681862259
216.881466855,7.288629737609327,-45.41751527494908,88.32618025751074,3.223207091055585,4.946653734238595
216.914898304,6.899902818270178,-45.41751527494908,88.32618025751074,3.223207091055585,5.140640155189132
216.948361367,6.608357628765788,-45.41751527494908,88.15450643776822,3.223207091055585,5.237633365664408
216.981789986,6.316812439261412,-45.41751527494908,87.81115879828326,3.384367445608376,5.237633365664408
217.015223309,6.316812439261412,-45.41751527494908,87.63948497854076,4.029008863819499,5.334626576139684
217.048730297,6.219630709426639,-45.41751527494908,87.4678111587983,4.995970991136176,5.334626576139684
217.082154823,6.219630709426639,-45.41751527494908,87.2961373390558,6.204673650282032,5.334626576139684
217.115579442,6.02526724975705,-45.41751527494908,86.78111587982832,7.735697018533443,5.334626576139684
217.149060875,5.830903790087461,-45.41751527494908,85.75107296137338,9.347300564061229,4.946653734238595
217.182490143,5.830903790087461,-45.41751527494908,84.37768240343348,11.03948428686543,4.461687681862259
217.21592141,5.830903790087461,-45.41751527494908,82.74678111587983,12.89282836422241,4.461687681862259
217.249413324,5.830903790087461,-45.41751527494908,81.11587982832617,14.987912973408541,4.461687681862259
217.282836388,5.830903790087461,-45.41751527494908,79.57081545064378,17.163577759871075,4.364694471387011
217.316258581,5.73372206025266,-45.41751527494908,78.11158798283262,19.419822723609997,4.364694471387011
217.349738588,5.73372206025266,-45.41751527494908,76.73819742489269,21.676067687348905,4.364694471387011
217.383166781,5.73372206025266,-45.41751527494908,75.45064377682405,24.01289282836423,4.364694471387011
217.416598993,5.73372206025266,-45.41751527494908,74.24892703862659,26.18855761482675,4.364694471387011
217.450057667,5.73372206025266,-45.41751527494908,73.04721030042919,28.04190169218373,4.364694471387011
217.483486397,5.73372206025266,-45.41751527494908,71.84549356223175,29.895245769540708,4.364694471387011
217.516916109,5.636540330417873,-45.41751527494908,70.81545064377684,31.58742949234488,4.364694471387011
217.550371394,5.636540330417873,-45.41751527494908,69.95708154506437,33.19903303787268,4.2677012609117355
217.583807717,5.636540330417873,-45.41751527494908,69.18454935622319,34.6494762288477,4.2677012609117355
217.617242577,5.636540330417873,-45.41751527494908,68.75536480686694,35.93875906526995,4.2677012609117355
217.650744787,5.636540330417873,-45.41751527494908,68.41201716738198,37.06688154713939,4.2677012609117355
217.684171647,5.5393586005831,-45.41751527494908,68.24034334763948,37.7921031426269,4.2677012609117355
217.71759634,5.4421768707483125,-45.41751527494908,68.24034334763948,38.43674456083804,4.170708050436474
217.751078106,4.956268221574334,-45.41751527494908,68.24034334763948,39.081385979049145,4.170708050436474
217.78450404,4.081632653061234,-45.41751527494908,68.24034334763948,39.564867042707505,4.170708050436474
217.817936474,2.7210884353741562,-45.41751527494908,68.24034334763948,40.048348106365836,4.170708050436474
217.851393574,0.971817298347915,-45.41751527494908,68.24034334763948,40.20950846091861,3.7827352085353994
217.884826101,-0.971817298347915,-45.41751527494908,68.32618025751074,40.290088638195016,3.0067895247332785
217.918257353,-2.9154518950437307,-45.4989816700611,68.32618025751074,40.290088638195016,1.7458777885547931
217.951718405,-4.859086491739546,-45.4989816700611,68.32618025751074,40.290088638195016,0.48496605237633617
217.985149901,-6.705539358600589,-45.4989816700611,68.32618025751074,40.290088638195016,-0.9699321047526723
218.018580286,-8.551992225461618,-45.4989816700611,68.32618025751074,40.20950846091861,-2.327837051406405
218.052094226,-9.912536443148696,-45.4989816700611,68.32618025751074,40.20950846091861,-3.7827352085353994
218.085520833,-10.981535471331398,-45.4989816700611,68.32618025751074,40.20950846091861,-5.140640155189132
218.118943386,-12.147716229348887,-45.4989816700611,68.24034334763948,40.12892828364224,-6.401551891367603
218.152429955,-13.119533527696788,-45.4989816700611,67.98283261802575,40.12892828364224,-7.6624636275460745
218.185857989,-13.896987366375129,-45.4989816700611,67.81115879828326,40.12892828364224,-8.82638215324927
218.219287411,-14.577259475218668,-45.4989816700611,67.72532188841203,40.12892828364224,-9.893307468477204
218.25274674,-15.451895043731781,-45.4989816700611,67.63948497854076,40.12892828364224,-11.057225994180413
218.286175311,-15.937803692905732,-45.4989816700611,67.63948497854076,40.12892828364224,-12.124151309408333
218.319607826,-16.326530612244895,-45.4989816700611,67.55364806866953,40.12892828364224,-13.094083414161005
218.35306734,-16.423712342079682,-45.4989816700611,67.55364806866953,40.12892828364224,-14.161008729388953
218.386497207,-16.326530612244895,-45.4989816700611,67.55364806866953,40.12892828364224,-15.130940834141612
218.419928259,-16.326530612244895,-45.580448065173115,67.55364806866953,40.12892828364224,-16.003879728419008
218.453383977,-16.423712342079682,-45.580448065173115,67.46781115879827,40.12892828364224,-17.070805043646942
218.486815863,-16.715257531584058,-45.580448065173115,67.46781115879827,40.12892828364224,-18.137730358874876
218.520246766,-16.715257531584058,-45.580448065173115,67.46781115879827,40.12892828364224,-19.49563530552861
218.55370117,-16.715257531584058,-45.580448065173115,67.46781115879827,40.12892828364224,-21.04752667313288
218.587131333,-16.229348882410108,-45.580448065173115,67.46781115879827,40.12892828364224,-22.793404461687686
218.620558626,-16.13216715257532,-45.906313645621175,67.46781115879827,40.12892828364224,-24.733268671193017
218.654014511,-16.03498542274052,-46.4765784114053,67.46781115879827,40.12892828364224,-26.770126091173623
218.687447118,-15.937803692905732,-47.29124236252545,67.46781115879827,40.048348106365836,-28.90397672162949
218.720877059,-15.840621963070944,-48.10590631364562,67.46781115879827,40.048348106365836,-30.940834141610082
218.754334518,-15.840621963070944,-48.920570264765786,67.46781115879827,40.048348106365836,-32.298739088263815
218.787765311,-15.840621963070944,-49.32790224032586,67.46781115879827,40.048348106365836,-33.65664403491756
218.821197437,-15.840621963070944,-49.65376782077393,67.46781115879827,39.88718775181306,-34.72356935014548
218.854655414,-15.840621963070944,-49.898167006109986,67.46781115879827,39.24254633360192,-35.59650824442289
218.888088207,-15.840621963070944,-49.979633401222,67.46781115879827,38.11442385173248,-35.88748787584869
218.921519728,-15.840621963070944,-50.14256619144603,67.89699570815452,36.82514101531024,-35.88748787584869
218.954977452,-15.840621963070944,-50.468431771894096,68.24034334763948,35.29411764705884,-35.88748787584869
218.988410845,-15.937803692905732,-50.549898167006106,68.49785407725321,33.60193392425464,-35.88748787584869
219.021854551,-15.937803692905732,-50.549898167006106,68.58369098712447,31.99033037872684,-35.88748787584869
219.055379275,-15.937803692905732,-50.549898167006106,68.58369098712447,30.86220789685737,-35.88748787584869
219.088810037,-16.229348882410108,-50.549898167006106,68.66952789699573,29.73408541498793,-35.88748787584869
219.122235578,-16.520894071914483,-50.38696537678208,69.01287553648069,28.686543110394837,-35.88748787584869
219.155684562,-16.61807580174927,-50.38696537678208,69.52789699570815,27.558420628525383,-35.88748787584869
219.189110232,-16.715257531584058,-50.549898167006106,70.21459227467813,26.269137792103137,-35.88748787584869
219.222535347,-16.61807580174927,-50.549898167006106,70.98712446351931,25.463336019339238,-35.88748787584869
219.255983813,-16.520894071914483,-50.549898167006106,71.67381974248929,24.657534246575352,-35.88748787584869
219.289410279,-16.520894071914483,-50.63136456211812,72.27467811158797,23.93231265108784,-35.88748787584869
219.322834375,-16.715257531584058,-50.63136456211812,72.7038626609442,23.12651087832394,-35.88748787584869
219.356282933,-16.81243926141886,-50.63136456211812,73.13304721030042,22.24012892828364,-35.88748787584869
219.3897069,-16.81243926141886,-50.63136456211812,73.39055793991415,21.43432715551974,-35.88748787584869
219.423128292,-16.81243926141886,-50.63136456211812,73.6480686695279,20.709105560032228,-35.88748787584869
219.456574443,-16.81243926141886,-50.63136456211812,73.90557939914163,19.983883964544717,-35.88748787584869
219.489997094,-16.81243926141886,-50.63136456211812,74.24892703862659,19.419822723609997,-35.88748787584869
219.523421376,-16.81243926141886,-50.63136456211812,74.67811158798284,18.855761482675277,-35.88748787584869
219.556866527,-16.81243926141886,-50.63136456211812,75.0214592274678,18.45286059629332,-35.88748787584869
219.590289141,-16.61807580174927,-50.63136456211812,75.45064377682405,18.049959709911363,-35.88748787584869
219.623713552,-16.520894071914483,-50.63136456211812,75.79399141630901,17.64705882352942,-35.79049466537343
219.657160351,-16.229348882410108,-50.63136456211812,76.22317596566523,17.244157937147463,-35.79049466537343
219.690583151,-16.13216715257532,-50.63136456211812,76.65236051502146,16.92183722804191,-35.79049466537343
219.724028432,-16.03498542274052,-50.63136456211812,77.08154506437768,16.518936341659952,-35.79049466537343
219.757476712,-16.03498542274052,-50.63136456211812,77.5107296137339,16.116035455277995,-35.79049466537343
219.790900679,-16.03498542274052,-50.63136456211812,78.02575107296136,15.632554391619664,-35.79049466537343
219.824325238,-16.03498542274052,-50.63136456211812,78.4549356223176,15.149073327961318,-35.79049466537343
219.857770648,-15.937803692905732,-50.63136456211812,78.8841201716738,14.504431909750195,-35.79049466537343
219.89119504,-15.937803692905732,-50.63136456211812,79.31330472103005,13.940370668815461,-35.79049466537343
219.92461892,-15.937803692905732,-50.63136456211812,79.74248927038627,13.295729250604353,-35.693501454898154
219.958069837,-15.937803692905732,-50.63136456211812,80.25751072961373,12.651087832393245,-35.693501454898154
219.991496792,-15.937803692905732,-50.63136456211812,80.68669527896998,12.08702659145851,-35.693501454898154
220.024922709,-15.937803692905732,-50.63136456211812,81.11587982832617,11.442385173247388,-35.693501454898154
220.058368533,-15.937803692905732,-50.63136456211812,81.54506437768242,10.878323932312654,-35.693501454898154
220.091792525,-15.937803692905732,-50.63136456211812,81.97424892703862,10.31426269137792,-35.693501454898154
220.125224294,-15.840621963070944,-50.63136456211812,82.3175965665236,9.830781627719574,-35.693501454898154
220.158677822,-15.840621963070944,-50.63136456211812,82.6609442060086,9.26672038678484,-35.693501454898154
220.192102128,-15.840621963070944,-50.63136456211812,82.91845493562232,8.783239323126509,-35.693501454898154
220.225528082,-15.840621963070944,-50.63136456211812,83.09012875536482,8.299758259468177,-35.693501454898154
220.25897924,-15.840621963070944,-50.63136456211812,83.26180257510728,7.896857373086235,-35.59650824442289
220.292401509,-15.840621963070944,-50.63136456211812,83.4334763948498,7.493956486704278,-34.82056256062076
220.325824741,-15.840621963070944,-50.63136456211812,83.60515021459227,7.171635777598723,-33.46265761396701
220.359270603,-15.840621963070944,-50.63136456211812,83.77682403433477,7.091055600322321,-31.328806983511157
220.392692446,-15.840621963070944,-50.63136456211812,83.94849785407726,7.010475423045932,-28.51600387972843
220.426115178,-15.840621963070944,-50.63136456211812,84.20600858369099,7.010475423045932,-25.218234723569353
220.45956091,-15.840621963070944,-50.63136456211812,84.37768240343348,7.252215954875112,-21.532492725509215
220.492984309,-16.03498542274052,-50.63136456211812,84.54935622317598,7.413376309427889,-17.7497575169738
220.526408282,-16.423712342079682,-50.63136456211812,84.8068669527897,7.493956486704278,-13.967022308438416
220.559857624,-16.61807580174927,-50.63136456211812,84.9785407725322,7.574536663980666,-10.37827352085354
220.593280782,-16.715257531584058,-50.63136456211812,85.15021459227466,7.574536663980666,-7.274490785645
220.626705126,-16.715257531584058,-50.712830957230146,85.40772532188839,7.574536663980666,-4.558680892337534
220.66015058,-16.61807580174927,-50.712830957230146,85.66523605150215,7.574536663980666,-2.036857419980592
220.693575312,-16.229348882410108,-50.712830957230146,85.75107296137338,7.574536663980666,0.48496605237633617
220.726999618,-15.937803692905732,-50.712830957230146,85.75107296137338,7.574536663980666,2.7158098933074655
220.760446702,-15.840621963070944,-50.712830957230146,85.75107296137338,7.655116841257055,4.655674102812796
220.793874156,-15.840621963070944,-50.712830957230146,85.75107296137338,7.655116841257055,6.304558680892342
220.827300092,-15.840621963070944,-50.712830957230146,85.57939914163092,7.655116841257055,7.468477206595537
220.860745749,-15.743440233236157,-50.712830957230146,85.49356223175965,7.735697018533443,8.14742967992241
220.894173741,-15.743440233236157,-50.712830957230146,85.40772532188839,7.735697018533443,8.43840931134821
220.927598035,-15.743440233236157,-50.712830957230146,85.40772532188839,7.735697018533443,8.43840931134821
220.961055551,-15.743440233236157,-50.712830957230146,85.32188841201719,7.735697018533443,8.43840931134821
220.994480067,-15.743440233236157,-50.712830957230146,85.32188841201719,7.735697018533443,8.43840931134821
221.02790525,-15.743440233236157,-50.712830957230146,85.23605150214593,7.735697018533443,8.43840931134821
221.061353099,-15.646258503401356,-50.63136456211812,85.15021459227466,7.735697018533443,8.43840931134821
221.094777726,-15.646258503401356,-50.549898167006106,85.15021459227466,7.735697018533443,8.82638215324927
221.128201261,-15.646258503401356,-50.468431771894096,85.15021459227466,7.735697018533443,9.117361784675083
221.161648536,-15.646258503401356,-50.38696537678208,85.15021459227466,7.735697018533443,9.21435499515033
221.195072571,-15.549076773566568,-50.38696537678208,85.06437768240343,7.735697018533443,9.21435499515033
221.228495884,-15.451895043731781,-50.38696537678208,85.06437768240343,7.735697018533443,9.21435499515033
221.261941937,-15.063168124392618,-50.30549898167006,85.06437768240343,7.735697018533443,9.311348205625606
221.295366712,-14.285714285714292,-50.14256619144603,85.06437768240343,7.735697018533443,9.311348205625606
221.328791506,-13.21671525753159,-50.06109979633401,85.06437768240343,7.735697018533443,9.311348205625606
221.362219541,-11.953352769679299,-50.06109979633401,85.06437768240343,7.735697018533443,9.311348205625606
221.395646854,-10.398445092322646,-50.06109979633401,85.06437768240343,7.735697018533443,9.311348205625606
221.429072036,-8.84353741496598,-49.979633401222,85.06437768240343,7.735697018533443,9.311348205625606
221.462518923,-7.288629737609327,-49.979633401222,85.06437768240343,7.735697018533443,9.311348205625606
221.49594318,-5.733722060252674,-49.979633401222,85.06437768240343,7.816277195809846,9.21435499515033
221.529367622,-4.373177842565596,-49.979633401222,85.06437768240343,7.816277195809846,9.020368574199807
221.56281399,-3.1098153547133194,-49.979633401222,85.06437768240343,8.058017727639012,8.82638215324927
221.59624595,-1.9436345966958157,-49.979633401222,85.06437768240343,8.783239323126509,8.729388942773994
221.629671392,-0.971817298347915,-49.979633401222,85.06437768240343,10.072522159548754,8.632395732298747
221.663121186,-0.4859086491739646,-49.979633401222,84.89270386266094,11.684125705076553,8.535402521823471
221.696545184,-0.09718172983480144,-49.979633401222,84.72103004291847,13.456889605157144,8.535402521823471
221.729969885,0.2915451895043759,-49.979633401222,84.12017167381973,15.471394037066872,8.535402521823471
221.763414642,0.4859086491739504,-49.979633401222,82.91845493562232,17.40531829170024,8.43840931134821
221.796839325,0.4859086491739504,-49.979633401222,81.54506437768242,19.25866236905722,8.43840931134821
221.830262638,0.4859086491739504,-49.979633401222,79.8283261802575,21.192586623690573,8.43840931134821
221.863706172,0.5830903790087376,-49.979633401222,78.11158798283262,23.20709105560033,8.43840931134821
221.897130485,0.7774538386783263,-49.979633401222,76.65236051502146,25.221595487510058,8.43840931134821
221.930554248,1.068999028182688,-49.898167006109986,75.1931330472103,27.316680096696217,8.43840931134821
221.964040788,1.2633624878522767,-49.898167006109986,73.90557939914163,29.331184528605974,8.43840931134821
221.99747544,1.2633624878522767,-49.898167006109986,72.78969957081546,31.184528605962925,8.82638215324927
222.030907758,1.2633624878522767,-49.898167006109986,71.84549356223175,32.55439161966157,9.21435499515033
222.064347132,1.2633624878522767,-49.898167006109986,71.07296137339057,33.92425463336019,9.21435499515033
222.097775673,1.3605442176870781,-49.898167006109986,70.38626609442059,35.13295729250606,9.311348205625606
222.131201788,1.3605442176870781,-49.898167006109986,70.12875536480686,35.69701853344077,9.311348205625606
222.164635421,1.4577259475218654,-49.898167006109986,69.7854077253219,35.858178887993574,9.311348205625606
222.198063203,1.4577259475218654,-49.898167006109986,69.7854077253219,35.858178887993574,9.408341416100868
222.231490837,1.5549076773566668,-49.898167006109986,69.7854077253219,35.858178887993574,9.408341416100868
222.264952673,1.5549076773566668,-49.979633401222,69.7854077253219,35.858178887993574,9.408341416100868
222.298383529,1.5549076773566668,-49.979633401222,69.7854077253219,35.858178887993574,9.408341416100868
222.331809662,1.5549076773566668,-49.979633401222,69.7854077253219,35.858178887993574,9.408341416100868
222.365258573,1.749271137026227,-49.979633401222,69.7854077253219,35.858178887993574,9.408341416100868
222.398686596,2.332361516034979,-49.979633401222,69.7854077253219,35.858178887993574,9.408341416100868
222.43211147,3.304178814382894,-49.979633401222,69.87124463519314,35.858178887993574,9.408341416100868
222.465559325,4.761904761904773,-49.979633401222,69.87124463519314,35.858178887993574,9.408341416100868
222.4989837,6.5111758989310005,-49.898167006109986,69.87124463519314,35.858178887993574,9.408341416100868
222.5324115,8.454810495626816,-49.898167006109986,69.87124463519314,35.858178887993574,9.408341416100868
222.56586054,10.301263362487845,-49.898167006109986,69.87124463519314,35.858178887993574,9.408341416100868
222.599286192,12.24489795918366,-49.898167006109986,69.95708154506437,35.858178887993574,9.408341416100868
222.6327164,14.18853255587949,-49.898167006109986,69.95708154506437,35.858178887993574,9.408341416100868
222.666170792,15.937803692905732,-49.898167006109986,69.95708154506437,35.858178887993574,9.408341416100868
222.699605407,17.39552964042761,-49.898167006109986,69.95708154506437,35.858178887993574,9.408341416100868
222.733038003,18.27016520894071,-49.898167006109986,69.95708154506437,35.93875906526995,9.408341416100868
222.766496507,19.14480077745384,-49.81670061099797,69.95708154506437,35.93875906526995,8.632395732298747
222.799929288,19.533527696793,-49.81670061099797,69.95708154506437,35.93875906526995,8.43840931134821
222.833356329,19.4363459669582,-49.81670061099797,69.95708154506437,35.93875906526995,8.43840931134821
222.866789259,19.04761904761905,-49.81670061099797,69.95708154506437,35.93875906526995,8.43840931134821
222.900214394,18.4645286686103,-49.898167006109986,69.95708154506437,35.93875906526995,8.341416100872934
222.933643663,17.687074829931973,-49.898167006109986,69.95708154506437,35.93875906526995,8.341416100872934
222.967103339,16.812439261418845,-49.898167006109986,69.95708154506437,35.93875906526995,8.341416100872934
223.000531367,15.840621963070944,-49.898167006109986,69.95708154506437,35.93875906526995,8.341416100872934
223.033956192,14.674441205053455,-49.898167006109986,69.95708154506437,35.93875906526995,8.341416100872934
223.067390072,13.508260447035951,-49.898167006109986,69.95708154506437,35.93875906526995,8.341416100872934
223.100818786,12.24489795918366,-49.898167006109986,69.95708154506437,35.93875906526995,8.341416100872934
223.134244333,10.981535471331384,-49.898167006109986,69.95708154506437,35.93875906526995,8.341416100872934
223.167741526,9.815354713313894,-49.898167006109986,69.95708154506437,35.93875906526995,8.341416100872934
223.201165833,8.649173955296405,-49.898167006109986,69.95708154506437,35.93875906526995,8.341416100872934
223.234597305,7.5801749271136885,-49.979633401222,69.95708154506437,35.858178887993574,8.341416100872934
223.268048667,6.5111758989310005,-49.979633401222,69.87124463519314,35.858178887993574,8.341416100872934
223.301473565,5.5393586005831,-49.979633401222,69.87124463519314,35.858178887993574,8.341416100872934
223.334900853,4.567541302235185,-49.979633401222,69.87124463519314,35.858178887993574,8.341416100872934
223.368343048,3.692905733722057,-50.06109979633401,69.87124463519314,35.858178887993574,8.341416100872934
223.401772984,3.109815354713305,-50.06109979633401,69.7854077253219,35.858178887993574,8.82638215324927
223.43519779,2.915451895043745,-50.224032586558046,69.7854077253219,35.858178887993574,9.21435499515033
223.468644818,2.915451895043745,-50.30549898167006,69.7854077253219,35.858178887993574,9.21435499515033
223.502068365,3.109815354713305,-50.30549898167006,69.7854077253219,35.858178887993574,9.311348205625606
223.535498449,3.4985422740524825,-50.38696537678208,69.7854077253219,35.858178887993574,9.311348205625606
223.568948903,3.8872691933916457,-50.468431771894096,69.7854077253219,35.858178887993574,9.408341416100868
223.602372875,4.470359572400383,-50.549898167006106,69.7854077253219,35.858178887993574,9.408341416100868
223.6357977,5.24781341107871,-50.549898167006106,69.7854077253219,35.858178887993574,9.408341416100868
223.669247876,6.122448979591837,-50.549898167006106,69.7854077253219,35.858178887993574,9.408341416100868
223.702676756,7.1914480077745395,-50.63136456211812,69.7854077253219,35.858178887993574,9.408341416100868
223.736104785,8.163265306122454,-50.63136456211812,69.7854077253219,35.858178887993574,9.408341416100868
223.769555035,9.329446064139944,-50.63136456211812,69.7854077253219,35.858178887993574,9.408341416100868
223.802979637,10.495626822157433,-50.63136456211812,69.7854077253219,35.858178887993574,9.408341416100868
223.836408184,11.75898931000971,-50.63136456211812,69.87124463519314,35.858178887993574,9.408341416100868
223.869843453,12.9251700680272,-50.63136456211812,69.87124463519314,35.858178887993574,9.408341416100868
223.903272354,14.091350826044717,-50.712830957230146,69.87124463519314,35.858178887993574,9.408341416100868
223.93670061,15.063168124392618,-50.712830957230146,69.87124463519314,35.858178887993574,9.408341416100868
223.970152903,15.743440233236157,-50.712830957230146,69.87124463519314,35.858178887993574,9.408341416100868
224.003579012,16.034985422740533,-50.712830957230146,69.87124463519314,35.858178887993574,9.020368574199807
224.03700462,16.326530612244895,-50.712830957230146,69.87124463519314,35.858178887993574,8.43840931134821
224.070440783,16.326530612244895,-50.712830957230146,69.87124463519314,35.858178887993574,8.43840931134821
224.103868447,16.132167152575306,-50.712830957230146,69.87124463519314,35.858178887993574,8.341416100872934
224.137294481,15.743440233236157,-50.712830957230146,69.87124463519314,35.858178887993574,8.341416100872934
224.170792366,15.257531584062207,-50.712830957230146,69.87124463519314,35.858178887993574,8.341416100872934
224.204223067,14.674441205053455,-50.712830957230146,69.95708154506437,35.858178887993574,8.341416100872934
224.237653175,13.896987366375129,-50.63136456211812,69.95708154506437,35.858178887993574,8.341416100872934
224.271109375,13.022351797862001,-50.549898167006106,69.95708154506437,35.858178887993574,8.341416100872934
224.304540539,11.953352769679299,-50.30549898167006,69.95708154506437,35.858178887993574,8.341416100872934
224.337971444,10.787172011661823,-50.224032586558046,69.95708154506437,35.858178887993574,8.341416100872934
224.371429699,9.523809523809533,-50.14256619144603,69.95708154506437,35.858178887993574,8.341416100872934
224.404856678,8.066083576287667,-50.06109979633401,69.95708154506437,35.858178887993574,8.341416100872934
224.438287305,6.608357628765788,-50.06109979633401,69.95708154506437,35.858178887993574,8.341416100872934
224.471744653,5.053449951409135,-49.979633401222,69.95708154506437,35.858178887993574,8.341416100872934
224.505175132,3.4013605442176953,-49.979633401222,69.95708154506437,35.858178887993574,8.341416100872934
224.53860637,1.6520894071914398,-49.979633401222,69.95708154506437,35.858178887993574,8.341416100872934
224.572057051,0.09718172983480144,-49.979633401222,69.95708154506437,35.858178887993574,8.341416100872934
224.605487345,-1.4577259475218654,-49.979633401222,69.95708154506437,35.858178887993574,8.341416100872934
224.638920805,-2.8182701652089293,-49.979633401222,69.95708154506437,35.858178887993574,8.341416100872934
224.67238232,-4.178814382896007,-50.06109979633401,69.87124463519314,35.858178887993574,8.341416100872934
224.705815761,-5.442176870748298,-50.30549898167006,69.87124463519314,35.858178887993574,8.43840931134821
224.739245944,-6.413994169096213,-50.38696537678208,69.7854077253219,35.858178887993574,9.21435499515033
224.772703125,-6.5111758989310005,-50.468431771894096,69.69957081545064,35.858178887993574,9.311348205625606
224.806135363,-6.608357628765788,-50.549898167006106,69.61373390557938,35.858178887993574,9.408341416100868
224.83956749,-6.2196307094266245,-50.63136456211812,69.52789699570815,35.858178887993574,9.408341416100868
224.873028246,-5.5393586005830855,-50.63136456211812,69.52789699570815,35.858178887993574,9.408341416100868
224.906457243,-4.664723032069972,-50.712830957230146,69.61373390557938,35.858178887993574,9.408341416100868
224.939922967,-3.4985422740524683,-50.712830957230146,69.69957081545064,35.858178887993574,9.408341416100868
224.973446542,-2.040816326530617,-50.712830957230146,69.7854077253219,35.858178887993574,9.408341416100868
225.006878193,-0.4859086491739646,-50.712830957230146,69.7854077253219,35.858178887993574,9.408341416100868
225.040335547,0.971817298347915,-50.712830957230146,69.7854077253219,35.858178887993574,9.408341416100868
225.073790957,2.623906705539355,-50.712830957230146,69.7854077253219,35.858178887993574,9.408341416100868
225.107219533,4.275996112730823,-50.712830957230146,69.7854077253219,35.858178887993574,9.408341416100868
225.140646203,5.830903790087461,-50.712830957230146,69.7854077253219,35.858178887993574,9.408341416100868
225.174144019,7.288629737609327,-50.712830957230146,69.7854077253219,35.858178887993574,9.408341416100868
225.207570448,8.649173955296405,-50.712830957230146,69.7854077253219,35.858178887993574,9.408341416100868
225.24100208,9.815354713313894,-50.712830957230146,69.7854077253219,35.858178887993574,9.408341416100868
225.27450347,10.689990281827022,-50.712830957230146,69.7854077253219,35.858178887993574,9.408341416100868
225.307927584,11.661807580174923,-50.712830957230146,69.7854077253219,35.858178887993574,9.408341416100868
225.341350291,12.24489795918366,-50.712830957230146,69.7854077253219,35.858178887993574,9.311348205625606
225.374834329,12.633624878522838,-50.712830957230146,69.87124463519314,35.858178887993574,8.632395732298747
225.408264295,12.73080660835764,-50.712830957230146,69.87124463519314,35.858178887993574,8.43840931134821
225.441695131,12.73080660835764,-50.712830957230146,69.87124463519314,35.858178887993574,8.341416100872934
225.475155633,12.73080660835764,-50.712830957230146,69.87124463519314,35.858178887993574,8.341416100872934
225.508585895,12.73080660835764,-50.712830957230146,69.95708154506437,35.858178887993574,8.341416100872934
225.542013546,12.633624878522838,-50.712830957230146,69.95708154506437,35.93875906526995,8.341416100872934
225.575468011,12.633624878522838,-50.712830957230146,69.95708154506437,35.93875906526995,8.341416100872934
225.608899699,12.633624878522838,-50.712830957230146,70.30042918454936,35.93875906526995,8.244422890397658
225.642331628,12.633624878522838,-50.712830957230146,70.64377682403432,35.93875906526995,8.244422890397658
225.675789704,12.633624878522838,-50.712830957230146,70.98712446351931,35.93875906526995,8.244422890397658
225.709219336,12.439261418853249,-50.712830957230146,71.24463519313304,35.93875906526995,8.244422890397658
225.74265045,11.953352769679299,-50.712830957230146,71.41630901287556,35.93875906526995,8.244422890397658
225.776107434,11.078717201166171,-50.712830957230146,71.50214592274676,35.93875906526995,8.244422890397658
225.809539122,10.009718172983483,-50.712830957230146,71.50214592274676,35.93875906526995,8.244422890397658
225.842968624,8.746355685131206,-50.712830957230146,71.50214592274676,35.93875906526995,8.244422890397658
225.876422219,7.288629737609327,-50.712830957230146,71.50214592274676,35.93875906526995,8.244422890397658
225.909854205,5.636540330417873,-50.712830957230146,71.50214592274676,35.93875906526995,8.244422890397658
225.943298954,4.081632653061234,-50.712830957230146,71.58798283261802,35.93875906526995,8.244422890397658
225.976810553,2.429543245869766,-50.712830957230146,71.58798283261802,35.93875906526995,8.244422890397658
226.01023421,0.971817298347915,-50.712830957230146,71.58798283261802,35.858178887993574,8.244422890397658
226.043658199,-0.19436345966957447,-50.712830957230146,71.41630901287556,35.858178887993574,8.341416100872934
226.077145669,-1.0689990281827022,-50.712830957230146,71.1587982832618,35.858178887993574,8.923375363724546
226.11057377,-1.5549076773566526,-50.712830957230146,70.98712446351931,35.858178887993574,9.21435499515033
226.144034982,-2.040816326530617,-50.712830957230146,70.81545064377684,35.77759871071717,9.21435499515033
226.177490471,-2.1379980563654044,-50.712830957230146,70.72961373390558,35.53585817888799,9.311348205625606
226.210918831,-1.8464528668610285,-50.712830957230146,70.72961373390558,34.81063658340048,9.311348205625606
226.244350117,-1.3605442176870781,-50.79429735234216,70.72961373390558,33.68251410153101,9.311348205625606
226.277805383,-0.5830903790087376,-50.79429735234216,70.72961373390558,32.31265108783239,9.408341416100868
226.311234243,0.38872691933914894,-50.79429735234216,70.72961373390558,30.781627719580968,9.408341416100868
226.344665918,1.749271137026227,-50.79429735234216,71.07296137339057,29.411764705882348,9.408341416100868
226.378118796,3.304178814382894,-50.79429735234216,71.3304721030043,28.444802578565685,9.408341416100868
226.411549619,5.053449951409135,-50.79429735234216,71.50214592274676,27.558420628525383,9.408341416100868
226.444981775,6.899902818270178,-50.79429735234216,71.67381974248929,26.83319903303787,9.408341416100868
226.478437876,8.551992225461618,-50.79429735234216,71.67381974248929,26.269137792103137,9.408341416100868
226.511868513,10.301263362487845,-50.79429735234216,71.75965665236049,26.027397260273972,9.408341416100868
226.545296484,11.856171039844511,-50.79429735234216,71.75965665236049,26.18855761482675,9.408341416100868
226.578754437,12.73080660835764,-50.79429735234216,71.75965665236049,26.430298146655915,9.408341416100868
226.612189074,13.605442176870739,-50.79429735234216,71.75965665236049,26.672038678485094,9.117361784675083
226.64562273,14.285714285714278,-50.712830957230146,71.75965665236049,27.074939564867037,8.535402521823471
226.679082182,14.382896015549079,-50.712830957230146,71.75965665236049,27.558420628525383,8.43840931134821
226.712511894,14.285714285714278,-50.712830957230146,71.84549356223175,28.122481869460103,8.43840931134821
226.745942588,13.799805636540327,-50.712830957230146,71.84549356223175,28.847703464947614,8.43840931134821
226.779399669,13.119533527696788,-50.712830957230146,71.93133047210301,29.572925060435153,8.43840931134821
226.812831696,12.342079689018462,-50.712830957230146,72.36051502145924,30.45930701047544,8.43840931134821
226.846262482,11.467444120505348,-50.712830957230146,73.04721030042919,31.3456889605157,8.43840931134821
226.879716823,10.59280855199222,-50.712830957230146,73.73390557939913,32.151490733279616,8.341416100872934
226.913148685,9.620991253644306,-50.712830957230146,74.50643776824035,32.47381144238517,8.341416100872934
226.94659518,8.551992225461618,-50.712830957230146,75.27896995708153,32.796132151490724,8.341416100872934
226.980113525,7.5801749271136885,-50.712830957230146,75.9656652360515,33.11845286059628,8.341416100872934
227.01353865,6.802721088435376,-50.712830957230146,76.48068669527896,33.037872683319904,8.341416100872934
227.046961367,6.122448979591837,-50.712830957230146,76.82403433476395,32.87671232876713,8.923375363724546
227.080445009,5.830903790087461,-50.712830957230146,76.99570815450645,32.39323126510877,9.117361784675083
227.113881207,5.73372206025266,-50.79429735234216,76.99570815450645,31.74858984689766,9.21435499515033
227.14731435,5.636540330417873,-50.79429735234216,76.90987124463518,30.86220789685737,9.21435499515033
227.180816751,5.636540330417873,-50.79429735234216,76.82403433476395,29.895245769540708,9.21435499515033
227.214241246,5.636540330417873,-50.79429735234216,76.82403433476395,28.605962933118462,9.311348205625606
227.247666389,5.636540330417873,-50.79429735234216,76.82403433476395,27.236099919419814,9.311348205625606
227.281146735,5.636540330417873,-50.79429735234216,76.82403433476395,25.543916196615626,9.311348205625606
227.314575249,5.636540330417873,-50.79429735234216,76.73819742489269,23.69057211925866,9.311348205625606
227.348031354,5.636540330417873,-50.79429735234216,76.73819742489269,21.595487510072516,9.311348205625606
227.381486349,5.636540330417873,-50.79429735234216,76.73819742489269,19.17808219178083,9.311348205625606
227.414917195,5.636540330417873,-50.712830957230146,76.73819742489269,16.760676873489118,9.311348205625606
227.448347912,5.5393586005831,-50.712830957230146,76.73819742489269,14.343271555197418,9.311348205625606
227.481804481,5.5393586005831,-50.712830957230146,76.73819742489269,12.167606768734899,9.311348205625606
227.515232216,5.5393586005831,-50.63136456211812,76.73819742489269,10.394842868654308,9.311348205625606
227.548664174,5.5393586005831,-50.38696537678208,76.82403433476395,8.702659145850106,9.311348205625606
227.582120261,5.5393586005831,-50.224032586558046,77.08154506437768,7.3327961321515005,9.311348205625606
227.615551386,5.5393586005831,-50.14256619144603,77.16738197424894,6.446414182111198,9.311348205625606
227.648981566,5.5393586005831,-50.06109979633401,77.3390557939914,5.962933118452867,9.311348205625606
227.682442579,5.5393586005831,-50.06109979633401,77.3390557939914,5.801772763900075,9.311348205625606
227.715873129,5.5393586005831,-49.979633401222,77.3390557939914,5.721192586623687,9.311348205625606
227.749305531,5.5393586005831,-49.979633401222,77.3390557939914,5.157131345688953,9.311348205625606
227.782760785,5.5393586005831,-49.979633401222,77.25321888412017,5.076551168412564,9.311348205625606
227.81619752,5.5393586005831,-49.898167006109986,77.08154506437768,5.076551168412564,9.311348205625606
227.849629071,5.5393586005831,-49.898167006109986,76.99570815450645,5.076551168412564,9.311348205625606
227.883135138,5.5393586005831,-49.898167006109986,76.90987124463518,4.995970991136176,9.311348205625606
227.916561265,5.636540330417873,-49.898167006109986,76.90987124463518,4.995970991136176,9.311348205625606
227.949997506,5.636540330417873,-49.898167006109986,76.90987124463518,4.995970991136176,9.311348205625606
227.983454005,5.73372206025266,-49.898167006109986,76.90987124463518,4.995970991136176,9.311348205625606
228.016876709,5.73372206025266,-49.81670061099797,76.90987124463518,4.995970991136176,9.311348205625606
228.050301283,5.73372206025266,-49.81670061099797,76.82403433476395,4.995970991136176,9.311348205625606
228.083790986,5.928085519922249,-49.81670061099797,76.82403433476395,4.995970991136176,9.311348205625606
228.117219579,6.5111758989310005,-49.81670061099797,76.82403433476395,4.995970991136176,9.311348205625606
228.150646912,7.5801749271136885,-49.81670061099797,76.90987124463518,4.995970991136176,9.311348205625606
228.184104782,9.037900874635568,-49.81670061099797,76.99570815450645,4.995970991136176,9.311348205625606
228.217536226,10.884353741496582,-49.81670061099797,77.16738197424894,4.995970991136176,9.311348205625606
228.250967189,13.022351797862001,-49.81670061099797,77.42489270386267,5.2377115229653555,9.311348205625606
228.284424559,15.354713313896994,-49.81670061099797,77.5107296137339,5.640612409347298,9.311348205625606
228.317851281,17.687074829931973,-49.81670061099797,77.59656652360516,5.721192586623687,9.311348205625606
228.351282299,20.11661807580174,-49.81670061099797,77.6824034334764,5.801772763900075,9.311348205625606
228.384737966,22.546161321671534,-49.81670061099797,77.76824034334763,5.801772763900075,9.408341416100868
228.418165484,24.878522837706512,-49.81670061099797,77.76824034334763,5.882352941176478,9.408341416100868
228.451594281,27.016520894071917,-49.81670061099797,77.76824034334763,5.882352941176478,9.408341416100868
228.485045836,29.154518950437335,-49.81670061099797,77.76824034334763,5.882352941176478,9.408341416100868
228.518475891,30.80660835762876,-49.81670061099797,77.76824034334763,5.882352941176478,9.408341416100868
228.551906187,32.361516034985414,-49.735234215885946,77.76824034334763,5.882352941176478,9.408341416100868
228.585361391,34.01360544217687,-49.735234215885946,77.76824034334763,5.882352941176478,9.408341416100868
228.618791724,35.56851311953352,-49.735234215885946,77.76824034334763,5.882352941176478,9.408341416100868
228.652220853,36.831875607385825,-49.735234215885946,77.76824034334763,5.882352941176478,9.408341416100868
228.685679408,37.9980563654033,-49.735234215885946,77.76824034334763,5.882352941176478,9.408341416100868
228.719109964,39.067055393586,-49.735234215885946,77.76824034334763,5.640612409347298,9.408341416100868
228.752539464,39.94169096209913,-49.735234215885946,77.76824034334763,5.2377115229653555,9.408341416100868
228.785994297,40.621963070942655,-49.735234215885946,77.76824034334763,5.157131345688953,9.408341416100868
228.819420963,41.30223517978621,-49.735234215885946,77.76824034334763,5.157131345688953,9.408341416100868
228.852850908,41.78814382896013,-49.735234215885946,77.76824034334763,5.076551168412564,9.408341416100868
228.886305352,41.78814382896013,-49.81670061099797,77.76824034334763,5.076551168412564,9.408341416100868
228.9197353,41.690962099125386,-49.81670061099797,77.76824034334763,5.157131345688953,9.408341416100868
228.953180619,41.593780369290585,-49.898167006109986,77.76824034334763,5.56003223207091,9.408341416100868
228.986690864,41.593780369290585,-49.898167006109986,77.76824034334763,5.801772763900075,9.408341416100868
229.020118924,41.593780369290585,-49.898167006109986,77.76824034334763,5.801772763900075,9.408341416100868
229.053545392,41.593780369290585,-49.898167006109986,77.76824034334763,5.801772763900075,8.923375363724546
229.087032674,41.49659863945578,-49.898167006109986,77.76824034334763,5.882352941176478,8.535402521823471
229.120459494,41.49659863945578,-49.898167006109986,77.76824034334763,5.882352941176478,8.43840931134821
229.153890369,41.39941690962098,-49.898167006109986,77.76824034334763,5.882352941176478,8.43840931134821
229.187383002,41.39941690962098,-49.898167006109986,77.76824034334763,5.882352941176478,8.341416100872934
229.220807415,41.30223517978621,-49.81670061099797,77.76824034334763,5.962933118452867,8.341416100872934
229.254232697,40.91350826044703,-49.81670061099797,77.85407725321889,5.962933118452867,8.341416100872934
229.28771422,40.136054421768705,-49.81670061099797,77.85407725321889,5.962933118452867,8.341416100872934
229.321144095,38.96987366375123,-49.81670061099797,77.93991416309012,5.962933118452867,8.341416100872934
229.354575767,37.60932944606415,-49.81670061099797,78.36909871244634,5.962933118452867,8.341416100872934
229.388096455,36.05442176870747,-49.81670061099797,79.22746781115879,5.962933118452867,8.341416100872934
229.421528608,34.305150631681244,-49.81670061099797,80.34334763948499,5.962933118452867,8.341416100872934
229.454960706,32.55587949465502,-49.898167006109986,81.3733905579399,5.801772763900075,8.341416100872934
229.48841071,30.80660835762876,-49.898167006109986,82.4892703862661,5.2377115229653555,8.341416100872934
229.521839734,28.960155490767733,-49.979633401222,83.60515021459227,5.157131345688953,8.341416100872934
229.55526385,27.210884353741505,-50.224032586558046,84.54935622317598,5.157131345688953,8.341416100872934
229.588697669,25.55879494655005,-50.468431771894096,85.32188841201719,5.076551168412564,8.341416100872934
229.622121952,24.101068999028172,-50.549898167006106,86.00858369098711,5.076551168412564,8.341416100872934
229.65555455,22.64334305150632,-50.63136456211812,86.52360515021459,5.56003223207091,8.341416100872934
229.689011332,21.379980563654044,-50.63136456211812,86.69527896995709,5.801772763900075,8.341416100872934
229.722432855,20.21379980563654,-50.63136456211812,86.78111587982832,5.882352941176478,8.341416100872934
229.755857749,19.04761904761905,-50.63136456211812,87.21030042918454,5.882352941176478,8.341416100872934
229.78930468,17.97862001943635,-50.712830957230146,87.4678111587983,5.962933118452867,8.341416100872934
229.822736073,16.909620991253632,-50.712830957230146,87.4678111587983,5.962933118452867,8.341416100872934
229.856158023,15.840621963070944,-50.712830957230146,87.4678111587983,6.043513295729255,8.341416100872934
229.889605935,14.577259475218668,-50.712830957230146,87.55364806866953,6.043513295729255,8.341416100872934
229.923028703,13.21671525753159,-50.712830957230146,87.55364806866953,6.043513295729255,8.341416100872934
229.956467583,11.75898931000971,-50.712830957230146,87.55364806866953,6.043513295729255,8.341416100872934
229.989926,10.009718172983483,-50.712830957230146,87.55364806866953,6.124093473005644,8.341416100872934
230.023349528,8.260447035957228,-50.712830957230146,87.55364806866953,6.446414182111198,8.341416100872934
230.056777686,6.316812439261412,-50.712830957230146,87.2961373390558,7.091055600322321,8.341416100872934
230.090229529,4.373177842565596,-50.712830957230146,86.95278969957081,7.977437550362623,8.341416100872934
230.123659001,2.332361516034979,-50.79429735234216,86.86695278969958,9.024979854955674,8.244422890397658
230.157089233,0.09718172983480144,-50.79429735234216,86.78111587982832,10.072522159548754,8.244422890397658
230.190543353,-2.040816326530617,-50.79429735234216,86.69527896995709,10.717163577759862,8.244422890397658
230.223968474,-4.275996112730809,-50.79429735234216,86.52360515021459,11.12006446414182,8.244422890397658
230.257391762,-6.608357628765788,-50.87576374745417,86.00858369098711,11.603545527800165,8.244422890397658
230.290885919,-8.84353741496598,-51.038696537678206,85.15021459227466,11.84528605962933,8.244422890397658
230.324315262,-11.078717201166171,-51.60896130346232,84.20600858369099,12.08702659145851,8.244422890397658
230.357743623,-13.21671525753159,-52.42362525458248,83.26180257510728,12.409347300564065,8.244422890397658
230.391237409,-15.451895043731781,-53.319755600814666,82.57510729613733,12.489927477840453,8.244422890397658
230.424662567,-17.78425655976676,-54.134419551934826,82.14592274678111,12.489927477840453,8.244422890397658
230.458084318,-20.116618075801753,-54.54175152749491,81.71673819742489,12.489927477840453,8.244422890397658
230.491563623,-22.448979591836732,-54.94908350305499,81.45922746781116,12.328767123287676,8.244422890397658
230.524991559,-24.684159378036924,-55.35641547861508,81.28755364806867,11.84528605962933,8.244422890397658
230.558419217,-26.822157434402328,-55.60081466395112,81.11587982832617,11.764705882352942,8.244422890397658
230.591876892,-28.960155490767733,-55.84521384928717,80.77253218884118,11.764705882352942,8.244422890397658
230.625309847,-30.903790087463562,-56.08961303462322,80.60085836909872,11.764705882352942,8.244422890397658
230.65873756,-32.653061224489804,-56.25254582484725,80.51502145922746,11.684125705076553,8.244422890397658
230.692245198,-34.01360544217688,-56.33401221995927,80.51502145922746,11.684125705076553,8.244422890397658
230.725672134,-34.98542274052478,-56.33401221995927,80.51502145922746,11.684125705076553,8.244422890397658
230.759097551,-35.9572400388727,-56.33401221995927,80.51502145922746,11.684125705076553,8.244422890397658
230.792583763,-36.44314868804665,-56.41547861507129,80.51502145922746,11.684125705076553,8.244422890397658
230.826014347,-36.73469387755102,-56.41547861507129,80.42918454935622,11.684125705076553,8.244422890397658
230.859445042,-36.73469387755102,-56.41547861507129,80.42918454935622,11.603545527800165,8.244422890397658
230.892903218,-36.73469387755102,-56.41547861507129,80.42918454935622,11.603545527800165,8.244422890397658
230.926330898,-36.73469387755102,-56.41547861507129,80.42918454935622,11.603545527800165,8.244422890397658
230.95976232,-36.73469387755102,-56.41547861507129,80.42918454935622,11.603545527800165,8.244422890397658
230.993270444,-36.73469387755102,-56.41547861507129,80.42918454935622,11.603545527800165,8.244422890397658
231.026708366,-36.73469387755102,-56.41547861507129,80.42918454935622,11.603545527800165,8.244422890397658
231.060139102,-36.73469387755102,-56.41547861507129,80.42918454935622,11.603545527800165,8.244422890397658
231.093590709,-36.73469387755102,-56.41547861507129,80.42918454935622,11.603545527800165,8.244422890397658
231.127014241,-36.73469387755102,-56.41547861507129,80.42918454935622,11.603545527800165,8.244422890397658
231.160440515,-36.73469387755102,-56.41547861507129,80.42918454935622,11.603545527800165,8.923375363724546
231.193932195,-36.63751214771624,-56.41547861507129,80.42918454935622,11.603545527800165,9.117361784675083
231.227361098,-36.63751214771624,-56.41547861507129,80.42918454935622,11.603545527800165,9.21435499515033
231.260791076,-36.63751214771624,-56.41547861507129,80.42918454935622,11.603545527800165,9.21435499515033
231.294249108,-36.63751214771624,-56.41547861507129,80.42918454935622,11.603545527800165,9.311348205625606
231.327681233,-36.63751214771624,-56.41547861507129,80.42918454935622,11.603545527800165,9.311348205625606
231.361109599,-36.63751214771624,-56.41547861507129,80.42918454935622,11.603545527800165,9.311348205625606
231.394568113,-36.63751214771624,-56.41547861507129,80.51502145922746,11.603545527800165,9.408341416100868
231.427995776,-36.54033041788144,-56.41547861507129,80.51502145922746,11.603545527800165,9.408341416100868
231.461424568,-36.54033041788144,-56.41547861507129,80.51502145922746,11.603545527800165,9.408341416100868
231.494878267,-36.54033041788144,-56.41547861507129,80.51502145922746,11.603545527800165,9.408341416100868
231.528309818,-36.54033041788144,-56.41547861507129,80.51502145922746,11.603545527800165,9.408341416100868
231.561740314,-36.54033041788144,-56.41547861507129,80.51502145922746,11.603545527800165,9.505334626576143
231.595260086,-36.44314868804665,-56.41547861507129,80.51502145922746,11.603545527800165,9.505334626576143
231.628692693,-36.248785228377066,-56.41547861507129,80.51502145922746,11.603545527800165,9.505334626576143
231.662124689,-35.66569484936832,-56.41547861507129,80.51502145922746,11.603545527800165,9.99030067895248
231.695628406,-34.59669582118562,-56.41547861507129,80.51502145922746,11.603545527800165,11.0572259941804
231.729054327,-33.23615160349854,-56.41547861507129,80.51502145922746,11.603545527800165,12.415130940834146
231.762477175,-31.68124392614189,-56.41547861507129,80.77253218884118,11.603545527800165,14.258001939864215
231.795960633,-30.126336248785222,-56.25254582484725,81.11587982832617,11.603545527800165,16.100872938894284
231.829389425,-28.66861030126337,-55.926680244399186,81.28755364806867,11.603545527800165,17.943743937924353
231.862820939,-27.113702623906704,-55.84521384928717,81.3733905579399,11.603545527800165,19.010669253152287
231.896326286,-25.65597667638484,-55.76374745417515,81.45922746781116,11.684125705076553,20.271580989330744
231.92975036,-24.48979591836735,-55.76374745417515,81.45922746781116,11.684125705076553,21.241513094083416
231.96317849,-23.32361516034986,-55.682281059063136,81.45922746781116,11.84528605962933,21.920465567410275
231.99667336,-22.351797862001945,-55.682281059063136,81.45922746781116,11.92586623690572,22.40543161978661
232.030102934,-21.37998056365403,-55.682281059063136,81.54506437768242,11.84528605962933,23.278370514064008
232.063532638,-20.602526724975704,-55.682281059063136,81.54506437768242,11.764705882352942,23.472356935014545
232.09699049,-19.72789115646259,-55.682281059063136,81.54506437768242,11.764705882352942,23.763336566440344
232.130421082,-18.95043731778425,-55.682281059063136,81.54506437768242,11.764705882352942,24.151309408341433
232.163852083,-18.075801749271136,-55.682281059063136,81.54506437768242,11.684125705076553,24.733268671193002
232.19731149,-17.10398445092322,-55.682281059063136,81.54506437768242,11.684125705076553,25.41222114451989
232.230739416,-16.03498542274052,-55.682281059063136,81.54506437768242,11.684125705076553,26.285160038797287
232.264171324,-14.96598639455783,-55.682281059063136,81.45922746781116,11.684125705076553,27.25509214354996
232.297628972,-13.605442176870753,-55.76374745417515,81.45922746781116,11.684125705076553,28.41901066925314
232.331060324,-12.147716229348887,-56.0081466395112,81.45922746781116,11.684125705076553,29.679922405431626
232.364492713,-10.59280855199222,-56.17107942973523,81.45922746781116,12.006446414182108,30.940834141610082
232.397949824,-9.037900874635568,-56.17107942973523,81.45922746781116,12.167606768734899,32.29873908826383
232.431382935,-7.288629737609327,-56.25254582484725,81.45922746781116,12.248186946011288,33.462657613967025
232.464815787,-5.5393586005830855,-56.33401221995927,81.45922746781116,12.248186946011288,34.72356935014548
232.498272454,-3.7900874635568442,-56.33401221995927,81.45922746781116,12.248186946011288,35.887487875848706
232.531703343,-2.1379980563654044,-56.33401221995927,81.45922746781116,12.248186946011288,36.85741998060135
232.565131584,-0.4859086491739646,-56.25254582484725,81.45922746781116,12.248186946011288,37.73035887487876
232.598589473,1.1661807580174894,-56.0081466395112,81.45922746781116,11.84528605962933,38.40931134820562
232.632024195,2.5267249757045676,-55.84521384928717,81.45922746781116,11.764705882352942,38.50630455868088
232.665455584,3.8872691933916457,-55.76374745417515,81.45922746781116,11.764705882352942,38.70029097963143
232.698916251,5.053449951409135,-55.682281059063136,81.3733905579399,11.684125705076553,38.797284190106694
232.732362751,6.02526724975705,-55.682281059063136,81.20171673819743,11.684125705076553,38.797284190106694
232.765799436,6.802721088435376,-55.682281059063136,80.9442060085837,11.684125705076553,38.797284190106694
232.799317379,7.288629737609327,-55.682281059063136,80.85836909871244,11.684125705076553,39.08826382153251
232.832744065,7.774538386783277,-55.60081466395112,80.68669527896998,11.684125705076553,39.47623666343355
232.866169269,8.163265306122454,-55.60081466395112,80.60085836909872,11.684125705076553,39.57322987390884
232.899603769,8.551992225461618,-55.60081466395112,80.51502145922746,11.684125705076553,39.57322987390884
232.933039977,8.940719144800767,-55.60081466395112,80.42918454935622,11.684125705076553,39.57322987390884
232.966475223,9.037900874635568,-55.60081466395112,80.42918454935622,11.684125705076553,39.47623666343355
232.999932042,9.135082604470355,-55.60081466395112,80.42918454935622,11.684125705076553,38.797284190106694
233.03336262,8.940719144800767,-55.60081466395112,80.42918454935622,11.684125705076553,38.70029097963143
233.066789403,8.649173955296405,-55.60081466395112,80.42918454935622,11.684125705076553,38.70029097963143
233.100282277,8.454810495626816,-55.60081466395112,80.42918454935622,11.684125705076553,38.60329776915617
233.133710133,8.260447035957228,-55.60081466395112,80.42918454935622,11.684125705076553,38.60329776915617
233.167139119,8.260447035957228,-55.60081466395112,80.42918454935622,11.684125705076553,38.60329776915617
233.200637845,8.260447035957228,-55.60081466395112,80.42918454935622,11.684125705076553,38.50630455868088
233.234063757,8.260447035957228,-55.5193482688391,80.34334763948499,11.764705882352942,38.50630455868088
233.267489651,8.260447035957228,-55.5193482688391,80.34334763948499,12.08702659145851,38.50630455868088
233.300977747,8.260447035957228,-55.5193482688391,80.1716738197425,12.248186946011288,38.31231813773036
233.334406955,8.163265306122454,-55.5193482688391,79.74248927038627,12.409347300564065,37.342386032977686
233.367841941,8.163265306122454,-55.5193482688391,79.22746781115879,12.489927477840453,35.693501454898154
233.401342574,8.163265306122454,-55.5193482688391,78.7982832618026,12.489927477840453,33.36566440349176
233.434769005,8.163265306122454,-55.5193482688391,78.62660944206007,12.570507655116842,30.455868089233746
233.468190121,8.163265306122454,-55.5193482688391,78.62660944206007,12.570507655116842,27.061105722599407
233.50167481,8.163265306122454,-55.5193482688391,78.62660944206007,12.570507655116842,23.278370514064008
233.535101352,8.260447035957228,-55.5193482688391,78.62660944206007,12.570507655116842,19.49563530552861
233.568533393,8.357628765792029,-55.5193482688391,78.62660944206007,12.570507655116842,15.615906886517948
233.602042304,8.454810495626816,-55.5193482688391,78.62660944206007,12.570507655116842,11.833171677982548
233.635467383,8.260447035957228,-55.5193482688391,78.62660944206007,12.570507655116842,8.14742967992241
233.668890313,8.260447035957228,-55.5193482688391,78.62660944206007,12.570507655116842,4.655674102812796
233.702375613,8.260447035957228,-55.5193482688391,78.54077253218884,12.570507655116842,1.4548981571290085
233.735804359,8.260447035957228,-55.5193482688391,78.28326180257511,12.489927477840453,-1.6488845780795316
233.769235512,8.163265306122454,-55.5193482688391,78.11158798283262,12.006446414182108,-4.364694471386997
233.802693608,8.163265306122454,-55.5193482688391,78.02575107296136,11.84528605962933,-7.080504364694477
233.836122743,8.163265306122454,-55.5193482688391,77.93991416309012,11.764705882352942,-9.602327837051405
233.869554303,8.163265306122454,-55.5193482688391,77.93991416309012,11.764705882352942,-12.124151309408333
233.903012881,8.163265306122454,-55.5193482688391,77.85407725321889,11.764705882352942,-14.645974781765275
233.93644439,8.163265306122454,-55.5193482688391,77.3390557939914,11.684125705076553,-16.876818622696405
233.969877343,8.163265306122454,-55.5193482688391,76.56652360515022,11.684125705076553,-19.20465567410281
234.003516626,8.163265306122454,-55.5193482688391,75.70815450643778,11.764705882352942,-21.241513094083416
234.036944376,8.163265306122454,-55.5193482688391,75.10729613733906,12.248186946011288,-22.405431619786626
234.070370718,8.357628765792029,-55.437881873727086,74.76394849785407,12.328767123287676,-23.666343355965083
234.103821541,8.843537414965994,-55.437881873727086,74.42060085836911,12.409347300564065,-24.53928225024248
234.137242254,9.037900874635568,-55.437881873727086,74.24892703862659,12.409347300564065,-24.636275460717755
234.170666115,9.135082604470355,-55.437881873727086,74.24892703862659,12.409347300564065,-24.15130940834142
234.20415453,9.135082604470355,-55.437881873727086,74.24892703862659,12.328767123287676,-23.375363724539284
234.237579928,9.135082604470355,-55.437881873727086,74.24892703862659,12.328767123287676,-22.30843840931135
234.271007418,9.135082604470355,-55.437881873727086,74.24892703862659,12.328767123287676,-21.144519883608154
234.304434575,9.037900874635568,-55.437881873727086,74.24892703862659,12.167606768734899,-19.78661493695442
234.337857047,8.843537414965994,-55.437881873727086,74.24892703862659,11.92586623690572,-18.234723569350137
234.371282075,8.843537414965994,-55.437881873727086,74.24892703862659,11.92586623690572,-16.585838991270606
234.404775286,9.037900874635568,-55.437881873727086,74.24892703862659,11.92586623690572,-14.936954413191074
234.438201554,9.037900874635568,-55.437881873727086,74.33476394849785,11.84528605962933,-12.997090203685744
234.471633563,9.135082604470355,-55.437881873727086,74.33476394849785,11.84528605962933,-10.960232783705138
234.505139571,9.135082604470355,-55.437881873727086,74.33476394849785,11.84528605962933,-8.632395732298733
234.538565098,9.135082604470355,-55.437881873727086,74.33476394849785,11.92586623690572,-6.304558680892342
234.571987996,9.135082604470355,-55.437881873727086,74.33476394849785,12.167606768734899,-3.879728419010661
234.605474615,8.940719144800767,-55.437881873727086,74.42060085836911,12.328767123287676,-1.4548981571290085
234.638905698,8.454810495626816,-55.437881873727086,74.42060085836911,12.409347300564065,0.8729388942773966
234.67233841,8.260447035957228,-55.437881873727086,74.42060085836911,12.409347300564065,2.909796314258003
234.70583364,8.260447035957228,-55.437881873727086,74.42060085836911,12.409347300564065,4.364694471387011
234.739257168,8.260447035957228,-55.437881873727086,74.50643776824035,12.409347300564065,5.916585838991267
234.772677529,8.260447035957228,-55.437881873727086,74.50643776824035,12.409347300564065,8.14742967992241
234.806155333,8.260447035957228,-55.437881873727086,74.50643776824035,12.409347300564065,9.699321047526666
234.839582027,8.260447035957228,-55.437881873727086,74.50643776824035,12.409347300564065,11.0572259941804
234.873006055,8.260447035957228,-55.437881873727086,74.50643776824035,12.08702659145851,12.512124151309393
234.906462711,8.454810495626816,-55.437881873727086,74.50643776824035,12.08702659145851,13.967022308438402
234.939890372,8.454810495626816,-55.437881873727086,74.50643776824035,12.328767123287676,15.518913676042672
234.973323959,8.260447035957228,-55.437881873727086,74.50643776824035,12.248186946011288,16.97381183317168
235.006785046,8.260447035957228,-55.437881873727086,74.50643776824035,12.248186946011288,18.52570320077595
235.040218911,8.260447035957228,-55.437881873727086,74.59227467811158,12.328767123287676,19.98060135790493
235.073647016,8.260447035957228,-55.437881873727086,74.59227467811158,12.409347300564065,21.43549951503394
235.10710364,8.260447035957228,-55.437881873727086,74.59227467811158,12.409347300564065,22.696411251212425
235.140533727,8.163265306122454,-55.437881873727086,74.59227467811158,12.409347300564065,23.763336566440344
235.173961091,8.163265306122454,-55.437881873727086,74.59227467811158,12.409347300564065,24.442289039767218
235.207417789,8.163265306122454,-55.437881873727086,75.0214592274678,12.409347300564065,25.02424830261883
235.240849672,8.163265306122454,-55.437881873727086,75.79399141630901,11.92586623690572,25.897187196896226
235.274277908,8.163265306122454,-55.437881873727086,76.65236051502146,11.764705882352942,26.18816682832201
235.307736624,8.163265306122454,-55.437881873727086,77.6824034334764,11.764705882352942,25.897187196896226
235.34116747,8.163265306122454,-55.437881873727086,78.62660944206007,11.684125705076553,25.703200775945675
235.374594835,8.066083576287667,-55.437881873727086,79.48497854077252,11.684125705076553,25.21823472356934
235.408053569,8.066083576287667,-55.437881873727086,80.25751072961373,11.684125705076553,24.539282250242493
235.441481268,8.066083576287667,-55.437881873727086,80.9442060085837,11.684125705076553,23.375363724539284
235.474912392,8.066083576287667,-55.437881873727086,81.54506437768242,11.684125705076553,21.629485935984476
235.508372163,8.066083576287667,-55.437881873727086,82.14592274678111,11.684125705076553,19.301648884578086
235.541802195,8.066083576287667,-55.437881873727086,82.6609442060086,11.684125705076553,16.488845780795344
235.575234893,8.066083576287667,-55.5193482688391,83.26180257510728,11.684125705076553,13.191076624636281
235.608700627,8.066083576287667,-55.5193482688391,83.862660944206,11.684125705076553,9.408341416100868
235.642200343,8.066083576287667,-55.5193482688391,84.46351931330472,11.684125705076553,5.237633365664408
235.675633596,8.066083576287667,-55.5193482688391,85.15021459227466,11.684125705076553,1.0669253152279339
235.70909185,8.066083576287667,-55.60081466395112,85.66523605150215,11.684125705076553,-3.5887487875848763
235.742523307,8.066083576287667,-55.60081466395112,85.83690987124464,11.684125705076553,-8.244422890397672
235.775948394,8.066083576287667,-55.682281059063136,86.09442060085837,11.684125705076553,-13.094083414161005
235.80940711,8.163265306122454,-55.76374745417515,86.09442060085837,11.684125705076553,-16.876818622696405
235.842837345,8.454810495626816,-56.0081466395112,85.83690987124464,11.684125705076553,-20.562560620756543
235.876269747,9.037900874635568,-56.08961303462322,85.40772532188839,11.684125705076553,-23.76333656644036
235.909727779,9.232264334305157,-56.17107942973523,84.89270386266094,11.603545527800165,-25.41222114451989
235.943157074,9.426627793974745,-56.17107942973523,84.12017167381973,11.603545527800165,-25.70320077594569
235.976590294,9.912536443148696,-56.25254582484725,83.09012875536482,11.603545527800165,-25.024248302618815
236.01009981,10.398445092322646,-56.25254582484725,81.88841201716738,11.684125705076553,-23.860329776915606
236.043523734,10.884353741496582,-56.17107942973523,80.60085836909872,11.684125705076553,-22.405431619786626
236.076947733,11.370262390670561,-55.84521384928717,79.22746781115879,11.684125705076553,-20.46556741028128
236.110429712,11.953352769679299,-55.76374745417515,78.28326180257511,11.764705882352942,-18.137730358874876
236.143858673,12.439261418853249,-55.682281059063136,77.42489270386267,11.764705882352942,-15.615906886517934
236.17728982,12.9251700680272,-55.682281059063136,76.65236051502146,11.764705882352942,-12.512124151309408
236.210746058,13.411078717201178,-55.60081466395112,76.13733905579397,11.764705882352942,-9.311348205625606
236.244178631,13.70262390670554,-55.60081466395112,76.05150214592277,11.764705882352942,-5.722599418040744
236.277607555,13.994169096209916,-55.60081466395112,76.05150214592277,11.764705882352942,-2.1338506304558678
236.311063682,13.994169096209916,-55.60081466395112,76.22317596566523,11.764705882352942,1.55189136760427
236.344495699,13.799805636540327,-55.60081466395112,76.73819742489269,11.84528605962933,5.334626576139684
236.377927679,13.313896987366377,-55.60081466395112,77.6824034334764,12.08702659145851,8.923375363724546
236.411387288,13.21671525753159,-55.60081466395112,78.8841201716738,12.006446414182108,12.512124151309393
236.444816305,13.119533527696788,-55.60081466395112,80.60085836909872,11.764705882352942,15.906886517943747
236.47824297,13.119533527696788,-55.60081466395112,82.4892703862661,11.764705882352942,18.622696411251212
236.511700153,13.119533527696788,-55.682281059063136,84.63519313304721,11.684125705076553,21.144519883608154
236.545131485,13.119533527696788,-55.84521384928717,86.78111587982832,11.684125705076553,23.56935014548982
236.57856215,13.022351797862001,-55.926680244399186,88.49785407725321,11.603545527800165,25.703200775945675
236.612089313,13.022351797862001,-56.0081466395112,90.0429184549356,11.603545527800165,27.061105722599407
236.645512627,13.022351797862001,-56.08961303462322,91.41630901287553,11.522965350523776,27.546071774975744
236.678934755,13.022351797862001,-56.17107942973523,92.18884120171674,11.200644641418208,27.35208535402522
236.712380568,12.827988338192426,-56.17107942973523,92.5321888412017,10.475423045930697,26.770126091173623
236.745803603,12.342079689018462,-56.17107942973523,93.04721030042919,9.589041095890408,25.703200775945675
236.779227676,11.564625850340121,-56.0081466395112,93.39055793991415,8.702659145850106,24.24830261881668
236.812677877,10.398445092322646,-55.76374745417515,93.56223175965667,7.816277195809846,22.40543161978661
236.846099413,9.037900874635568,-55.682281059063136,93.73390557939913,7.413376309427889,20.271580989330744
236.879522615,7.385811467444128,-55.682281059063136,94.24892703862662,7.010475423045932,17.555771096023292
236.912969854,5.5393586005831,-55.60081466395112,94.93562231759657,6.365834004834809,14.742967992240551
236.946394709,3.692905733722057,-55.60081466395112,95.79399141630901,5.56003223207091,11.639185257031997
236.979820618,1.8464528668610285,-55.60081466395112,96.73819742489272,5.2377115229653555,8.535402521823471
237.013280768,0.09718172983480144,-55.60081466395112,97.5107296137339,4.915390813859787,5.5286129970901925
237.046709326,-1.2633624878522767,-55.60081466395112,98.02575107296136,4.593070104754233,2.6188166828321897
237.080134476,-2.1379980563654044,-55.60081466395112,98.36909871244634,4.190169218372276,0.0
237.113585459,-3.1098153547133194,-55.60081466395112,98.62660944206007,3.7066881547139303,-2.327837051406405
237.147010443,-3.692905733722057,-55.60081466395112,98.71244635193133,3.223207091055585,-4.558680892337534
237.180436538,-4.567541302235185,-55.60081466395112,98.62660944206007,2.7397260273972677,-7.080504364694477
237.21388541,-5.344995140913511,-55.60081466395112,98.62660944206007,2.1756647864625336,-8.923375363724546
237.247311079,-5.733722060252674,-55.60081466395112,98.4549356223176,1.6921837228042023,-10.7662463627546
237.280735785,-6.316812439261426,-55.60081466395112,98.02575107296136,1.1281224818694682,-12.512124151309408
237.314183046,-6.997084548104965,-55.60081466395112,97.16738197424891,0.5640612409347341,-14.161008729388953
237.34760866,-7.968901846452866,-55.60081466395112,96.05150214592274,0.3223207091055542,-15.809893307468485
237.381032847,-9.037900874635568,-55.60081466395112,94.93562231759657,0.3223207091055542,-17.26479146459748
237.414480275,-10.204081632653057,-55.60081466395112,93.73390557939913,0.3223207091055542,-18.91367604267701
237.447905074,-11.370262390670547,-55.60081466395112,92.70386266094422,0.3223207091055542,-20.368574199806005
237.481330131,-12.633624878522838,-55.60081466395112,91.67381974248926,0.08058017727638855,-21.726479146459738
237.514777689,-13.896987366375129,-55.60081466395112,90.64377682403432,-0.402900886381957,-22.890397672162948
237.548199265,-14.96598639455783,-55.60081466395112,89.61373390557941,-0.402900886381957,-23.278370514064022
237.581624305,-15.743440233236157,-55.60081466395112,88.6695278969957,-0.48348106365834553,-23.860329776915606
237.615071788,-16.326530612244895,-55.5193482688391,87.63948497854076,-0.48348106365834553,-24.442289039767218
237.648495124,-16.81243926141886,-55.5193482688391,86.52360515021459,-0.48348106365834553,-24.733268671193017
237.681919218,-17.10398445092322,-55.5193482688391,85.40772532188839,-0.48348106365834553,-24.636275460717755
237.715366017,-17.10398445092322,-55.5193482688391,84.37768240343348,-0.5640612409347341,-24.442289039767218
237.74879076,-16.81243926141886,-55.5193482688391,83.60515021459227,-0.5640612409347341,-24.15130940834142
237.782218817,-16.326530612244895,-55.5193482688391,83.00429184549355,-0.5640612409347341,-23.666343355965083
237.815668171,-15.646258503401356,-55.5193482688391,82.57510729613733,-0.5640612409347341,-22.890397672162948
237.849095099,-14.86880466472303,-55.5193482688391,82.23175965665237,-0.48348106365834553,-21.823472356935014
237.882518694,-13.994169096209902,-55.5193482688391,81.97424892703862,-0.08058017727638855,-20.368574199806005
237.915966975,-12.925170068027214,-55.5193482688391,81.71673819742489,0.1611603545527771,-18.719689621726474
237.949394925,-11.953352769679299,-55.5193482688391,81.71673819742489,0.24174053182916566,-16.68283220174588
237.98282045,-10.78717201166181,-55.437881873727086,81.71673819742489,0.3223207091055542,-14.548981571290014
238.016244771,-9.718172983479107,-55.437881873727086,81.80257510729615,0.3223207091055542,-12.124151309408333
238.049672851,-8.649173955296405,-55.437881873727086,81.80257510729615,0.3223207091055542,-9.602327837051405
238.083102912,-7.580174927113703,-55.437881873727086,81.97424892703862,0.402900886381957,-7.080504364694477
238.11655601,-6.608357628765788,-55.437881873727086,82.06008583690988,0.402900886381957,-4.558680892337534
238.149980387,-5.636540330417887,-55.437881873727086,82.06008583690988,0.402900886381957,-2.1338506304558678
238.183405745,-4.664723032069972,-55.437881873727086,82.14592274678111,0.402900886381957,0.3879728419010604
238.216854491,-3.7900874635568442,-55.437881873727086,82.23175965665237,0.402900886381957,2.6188166828321897
238.250278997,-2.8182701652089293,-55.35641547861508,82.40343347639484,0.402900886381957,4.946653734238595
238.283699114,-1.9436345966958157,-54.867617107942976,82.83261802575109,0.402900886381957,7.080504364694477
238.317148212,-0.971817298347915,-53.80855397148676,83.34763948497854,0.402900886381957,9.117361784675083
238.350571663,-0.09718172983480144,-52.42362525458248,83.862660944206,0.402900886381957,11.154219204655675
238.383998057,1.068999028182688,-50.95723014256619,84.0343347639485,0.3223207091055542,12.99709020368573
238.417492451,2.332361516034979,-49.490835030549896,84.12017167381973,0.08058017727638855,14.839961202715799
238.450919883,3.692905733722057,-48.51323828920571,84.12017167381973,-0.402900886381957,16.682832201745867
238.484347556,5.24781341107871,-47.45417515274949,84.12017167381973,-0.402900886381957,18.42870999030069
238.517846431,6.802721088435376,-46.55804480651731,84.12017167381973,-0.48348106365834553,20.174587778855482
238.551271177,8.551992225461618,-46.069246435845216,84.0343347639485,-0.48348106365834553,21.726479146459752
238.584696813,10.301263362487845,-45.906313645621175,84.0343347639485,-0.5640612409347341,23.375363724539284
238.618184688,12.0505344995141,-45.743380855397156,84.0343347639485,-0.5640612409347341,24.927255092143554
238.651613268,13.70262390670554,-45.4989816700611,83.94849785407726,-0.5640612409347341,26.285160038797287
238.685042608,15.451895043731795,-45.41751527494908,83.94849785407726,-0.5640612409347341,27.546071774975744
238.718541168,17.006802721088434,-45.336048879837065,83.94849785407726,-0.5640612409347341,28.61299709020369
238.751968563,18.4645286686103,-45.25458248472505,83.94849785407726,-0.5640612409347341,29.29194956353055
238.785393884,19.533527696793,-45.25458248472505,83.94849785407726,-0.6446414182111226,29.679922405431626
238.818878407,20.21379980563654,-45.25458248472505,83.94849785407726,-0.6446414182111226,30.0678952473327
238.852303135,20.894071914480065,-45.25458248472505,83.862660944206,-0.6446414182111226,30.358874878758485
238.885734438,21.282798833819243,-45.17311608961303,83.51931330472101,-0.6446414182111226,30.358874878758485
238.919192,21.282798833819243,-45.17311608961303,83.00429184549355,-0.6446414182111226,30.358874878758485
238.95262675,21.088435374149668,-45.17311608961303,82.4892703862661,-0.6446414182111226,30.261881668283223
238.98606063,20.796890184645278,-45.17311608961303,82.14592274678111,-0.6446414182111226,30.261881668283223
239.019576934,20.310981535471328,-45.17311608961303,81.97424892703862,-0.6446414182111226,30.261881668283223
239.053004296,19.72789115646259,-45.09164969450102,81.88841201716738,-0.6446414182111226,30.261881668283223
239.08642962,19.04761904761905,-45.09164969450102,81.88841201716738,-0.6446414182111226,30.261881668283223
239.119914962,18.4645286686103,-45.09164969450102,81.88841201716738,-0.6446414182111226,30.261881668283223
239.153341731,17.78425655976676,-45.09164969450102,81.97424892703862,-0.6446414182111226,30.261881668283223
239.186771666,17.10398445092322,-45.010183299389006,82.06008583690988,-0.6446414182111226,30.261881668283223
239.220265952,16.520894071914483,-45.010183299389006,82.14592274678111,-0.6446414182111226,30.261881668283223
239.253691832,16.034985422740533,-45.010183299389006,82.40343347639484,-0.6446414182111226,30.261881668283223
239.28711636,15.451895043731795,-45.010183299389006,82.57510729613733,-0.6446414182111226,30.261881668283223
239.320595684,14.965986394557817,-45.010183299389006,82.91845493562232,-0.6446414182111226,30.261881668283223
239.354025453,14.480077745383866,-45.010183299389006,83.51931330472101,-0.6446414182111226,30.261881668283223
239.387457832,13.994169096209916,-45.010183299389006,84.20600858369099,-0.6446414182111226,30.261881668283223
239.420959878,13.411078717201178,-45.010183299389006,85.06437768240343,-0.6446414182111226,30.261881668283223
239.454385091,12.633624878522838,-45.010183299389006,85.92274678111588,-0.6446414182111226,30.16488845780796
239.487809175,11.856171039844511,-45.09164969450102,86.78111587982832,-0.6446414182111226,29.776915615906887
239.521294257,10.884353741496582,-45.09164969450102,87.4678111587983,-0.6446414182111226,28.806983511154215
239.554722026,9.815354713313894,-45.17311608961303,87.98283261802575,-0.6446414182111226,27.25509214354996
239.588152869,8.649173955296405,-45.25458248472505,88.41201716738198,-0.6446414182111226,25.41222114451989
239.621616156,7.482993197278915,-45.580448065173115,88.75536480686694,-0.5640612409347341,22.98739088263821
239.65504811,6.219630709426639,-45.743380855397156,89.09871244635193,-0.5640612409347341,20.36857419980602
239.688479563,5.053449951409135,-45.82484725050916,89.35622317596565,-0.5640612409347341,17.458777885548017
239.721982553,3.984450923226433,-45.82484725050916,89.35622317596565,-0.48348106365834553,14.548981571290014
239.755408637,3.012633624878518,-45.82484725050916,89.35622317596565,-0.48348106365834553,11.445198836081488
239.788830702,2.1379980563654044,-45.906313645621175,89.35622317596565,-0.48348106365834553,8.244422890397658
239.822312785,1.4577259475218654,-45.906313645621175,89.35622317596565,-0.48348106365834553,5.431619786614931
239.855738794,0.7774538386783263,-45.906313645621175,89.35622317596565,-0.48348106365834553,2.6188166828321897
239.889168174,0.38872691933914894,-45.906313645621175,89.35622317596565,-0.48348106365834553,0.0
239.922625685,-0.09718172983480144,-45.906313645621175,89.35622317596565,-0.48348106365834553,-2.521823472356928
239.956056698,-0.38872691933916315,-45.906313645621175,89.27038626609442,-0.48348106365834553,-4.752667313288072
239.989488507,-0.6802721088435391,-45.906313645621175,88.8412017167382,-0.402900886381957,-6.886517943743939
240.022947594,-0.8746355685131135,-45.906313645621175,88.6695278969957,0.0,-8.923375363724546
240.056377792,-1.2633624878522767,-45.906313645621175,88.49785407725321,0.08058017727638855,-10.7662463627546
240.089810546,-1.4577259475218654,-45.906313645621175,88.49785407725321,-0.1611603545527771,-12.415130940834146
240.123266651,-1.7492711370262413,-45.906313645621175,88.41201716738198,-0.3223207091055542,-13.87002909796314
240.156696997,-2.040816326530617,-45.906313645621175,88.06866952789701,-0.402900886381957,-15.324927255092149
240.190130918,-2.4295432458697803,-45.906313645621175,87.4678111587983,0.1611603545527771,-16.488845780795344
240.223593319,-2.8182701652089293,-45.906313645621175,86.60944206008583,0.3223207091055542,-17.7497575169738
240.257024517,-3.4985422740524683,-45.906313645621175,85.66523605150215,0.3223207091055542,-18.91367604267701
240.290450789,-4.275996112730809,-45.906313645621175,85.06437768240343,0.402900886381957,-20.174587778855482
240.32396056,-5.053449951409135,-45.906313645621175,84.72103004291847,0.402900886381957,-21.338506304558678
240.357383962,-5.928085519922249,-45.906313645621175,84.54935622317598,0.402900886381957,-22.211445198836074
240.390809549,-6.705539358600589,-45.906313645621175,84.63519313304721,0.402900886381957,-22.502424830261873
240.424229674,-7.482993197278915,-45.906313645621175,84.89270386266094,0.402900886381957,-22.98739088263821
240.457655594,-8.16326530612244,-45.98778004073319,85.15021459227466,0.402900886381957,-23.278370514064022
240.491087033,-8.649173955296405,-45.98778004073319,85.40772532188839,0.402900886381957,-23.375363724539284
240.524547823,-9.135082604470355,-45.98778004073319,85.66523605150215,0.3223207091055542,-23.375363724539284
240.557979892,-9.232264334305157,-45.98778004073319,85.92274678111588,0.1611603545527771,-23.375363724539284
240.591410979,-9.329446064139944,-45.98778004073319,86.18025751072963,-0.08058017727638855,-23.375363724539284
240.62491812,-9.426627793974731,-45.98778004073319,86.43776824034336,-0.3223207091055542,-23.375363724539284
240.658344189,-9.426627793974731,-45.98778004073319,86.52360515021459,-0.3223207091055542,-23.375363724539284
240.69176922,-9.523809523809518,-45.98778004073319,86.52360515021459,-0.3223207091055542,-23.375363724539284
240.725252103,-9.718172983479107,-46.069246435845216,86.60944206008583,-0.3223207091055542,-23.375363724539284
240.758680042,-9.815354713313894,-46.313645621181266,86.60944206008583,-0.08058017727638855,-23.375363724539284
240.792110425,-9.815354713313894,-47.046843177189416,86.52360515021459,0.24174053182916566,-23.375363724539284
240.825606122,-9.815354713313894,-48.187372708757636,86.52360515021459,0.08058017727638855,-23.375363724539284
240.859030357,-9.912536443148696,-49.65376782077393,86.52360515021459,-0.08058017727638855,-23.375363724539284
240.892452333,-9.912536443148696,-51.20162932790224,86.60944206008583,0.24174053182916566,-23.375363724539284
240.9259327,-9.912536443148696,-52.66802443991853,86.69527896995709,0.3223207091055542,-23.375363724539284
240.959364661,-9.912536443148696,-53.564154786150716,86.78111587982832,0.3223207091055542,-23.375363724539284
240.99279527,-9.912536443148696,-54.623217922606926,86.78111587982832,0.3223207091055542,-23.375363724539284
241.02630597,-9.912536443148696,-55.35641547861508,86.86695278969958,0.3223207091055542,-23.375363724539284
241.059733246,-10.009718172983483,-55.60081466395112,87.03862660944205,0.3223207091055542,-23.375363724539284
241.093156225,-10.009718172983483,-55.60081466395112,87.38197424892704,0.3223207091055542,-23.375363724539284
241.126601612,-10.009718172983483,-55.60081466395112,87.81115879828326,0.1611603545527771,-23.375363724539284
241.160024499,-10.009718172983483,-55.60081466395112,88.32618025751074,-0.402900886381957,-23.375363724539284
241.193447922,-9.912536443148696,-55.60081466395112,88.75536480686694,-0.402900886381957,-23.375363724539284
241.226930234,-9.912536443148696,-55.60081466395112,88.92703862660943,-0.402900886381957,-23.375363724539284
241.260358954,-9.912536443148696,-55.60081466395112,88.92703862660943,-0.48348106365834553,-23.375363724539284
241.293788211,-9.426627793974731,-55.60081466395112,89.18454935622319,-0.48348106365834553,-23.375363724539284
241.32724045,-9.135082604470355,-55.682281059063136,89.44206008583691,-0.48348106365834553,-23.375363724539284
241.360672484,-8.94071914480078,-56.08961303462322,89.61373390557941,-0.5640612409347341,-23.375363724539284
241.394103556,-8.84353741496598,-56.33401221995927,89.69957081545064,-0.5640612409347341,-23.375363724539284
241.427559628,-8.84353741496598,-56.33401221995927,89.87124463519314,-0.5640612409347341,-23.375363724539284
241.460990755,-8.84353741496598,-56.33401221995927,90.30042918454936,-0.5640612409347341,-23.375363724539284
241.494418864,-8.84353741496598,-56.41547861507129,90.72961373390558,-0.5640612409347341,-23.375363724539284
241.527908435,-8.84353741496598,-56.41547861507129,90.72961373390558,-0.5640612409347341,-23.375363724539284
241.561339007,-8.746355685131192,-56.41547861507129,90.81545064377684,-0.5640612409347341,-23.278370514064022
241.59476956,-8.649173955296405,-56.41547861507129,90.90128755364805,-0.5640612409347341,-23.278370514064022
241.628281631,-8.649173955296405,-56.41547861507129,90.90128755364805,-0.5640612409347341,-23.278370514064022
241.661705333,-8.260447035957242,-56.41547861507129,91.07296137339057,-0.5640612409347341,-23.181377303588746
241.695129108,-7.482993197278915,-56.41547861507129,91.07296137339057,-0.5640612409347341,-22.98739088263821
241.728550532,-6.2196307094266245,-56.41547861507129,91.1587982832618,-0.5640612409347341,-22.211445198836074
241.761974049,-4.567541302235185,-56.41547861507129,91.1587982832618,-0.5640612409347341,-20.75654704170708
241.795395973,-2.5267249757045676,-56.41547861507129,91.07296137339057,-0.5640612409347341,-18.81668283220175
241.828883673,-0.2915451895043759,-56.41547861507129,90.98712446351931,-0.5640612409347341,-16.29485935984482
241.862312375,2.1379980563654044,-56.41547861507129,90.90128755364805,-0.5640612409347341,-13.579049466537342
241.895741984,4.470359572400383,-56.41547861507129,90.81545064377684,-0.5640612409347341,-10.7662463627546
241.929198244,6.705539358600589,-56.41547861507129,90.81545064377684,-0.5640612409347341,-8.050436469447135
241.962627763,8.551992225461618,-56.41547861507129,90.72961373390558,-0.5640612409347341,-5.625606207565468
241.996059135,10.301263362487845,-56.41547861507129,90.72961373390558,-0.5640612409347341,-3.7827352085353994
242.029566116,11.75898931000971,-56.41547861507129,90.72961373390558,-0.5640612409347341,-1.842870999030069
242.062992506,13.313896987366377,-56.41547861507129,90.72961373390558,-0.5640612409347341,0.09699321047527576
242.096417192,15.063168124392618,-56.41547861507129,90.72961373390558,-0.5640612409347341,1.6488845780795174
242.129897859,16.423712342079682,-56.17107942973523,90.72961373390558,-0.5640612409347341,2.909796314258003
242.163326323,17.687074829931973,-56.0081466395112,90.81545064377684,-0.5640612409347341,3.976721629485951
242.196757565,19.04761904761905,-55.76374745417515,90.81545064377684,-0.5640612409347341,4.849660523763347
242.230253825,20.40816326530613,-55.682281059063136,90.81545064377684,-0.5640612409347341,5.5286129970901925
242.263679622,21.865889212827994,-55.60081466395112,90.81545064377684,-0.5640612409347341,6.401551891367603
242.29710179,23.420796890184633,-55.60081466395112,90.81545064377684,-0.6446414182111226,6.886517943743925
242.330582753,24.9757045675413,-55.60081466395112,90.81545064377684,-0.6446414182111226,6.789524733268678
242.364038106,26.530612244897966,-55.60081466395112,90.81545064377684,-0.6446414182111226,6.498545101842865
242.397468625,27.502429543245867,-55.60081466395112,90.81545064377684,-0.6446414182111226,6.498545101842865
242.430926422,28.085519922254605,-55.60081466395112,90.81545064377684,-0.6446414182111226,6.498545101842865
242.46435546,28.571428571428584,-55.60081466395112,90.81545064377684,-0.5640612409347341,6.401551891367603
242.497782443,28.474246841593782,-55.60081466395112,90.81545064377684,-0.5640612409347341,6.401551891367603
242.531234388,27.891156462585045,-55.60081466395112,90.81545064377684,-0.5640612409347341,6.401551891367603
242.564666149,26.822157434402328,-55.60081466395112,90.81545064377684,-0.5640612409347341,6.304558680892342
242.598096853,25.46161321671525,-55.60081466395112,90.81545064377684,-0.5640612409347341,6.304558680892342
242.631560595,23.80952380952381,-55.60081466395112,90.81545064377684,-0.5640612409347341,6.304558680892342
242.665065539,21.768707482993193,-55.60081466395112,90.81545064377684,-0.5640612409347341,6.304558680892342
242.698498892,19.533527696793,-55.60081466395112,90.72961373390558,-0.5640612409347341,6.304558680892342
242.732035595,17.201166180758023,-55.60081466395112,90.72961373390558,-0.5640612409347341,6.304558680892342
242.765461004,14.965986394557817,-55.60081466395112,90.72961373390558,-0.5640612409347341,6.304558680892342
242.798883523,12.633624878522838,-55.60081466395112,90.72961373390558,-0.5640612409347341,6.304558680892342
242.832381671,10.398445092322646,-55.60081466395112,90.72961373390558,-0.5640612409347341,6.304558680892342
242.86581221,8.163265306122454,-55.60081466395112,90.72961373390558,-0.5640612409347341,6.304558680892342
242.899242711,6.219630709426639,-55.682281059063136,90.72961373390558,-0.5640612409347341,6.304558680892342
242.932746288,4.373177842565596,-55.76374745417515,90.72961373390558,-0.5640612409347341,6.304558680892342
242.966172589,2.623906705539355,-56.0081466395112,90.72961373390558,-0.5640612409347341,6.304558680892342
242.999599574,1.2633624878522767,-56.17107942973523,90.72961373390558,-0.5640612409347341,6.304558680892342
243.033068578,0.19436345966958868,-56.25254582484725,90.72961373390558,-0.5640612409347341,6.304558680892342
243.066497082,-0.8746355685131135,-56.33401221995927,90.72961373390558,-0.5640612409347341,6.304558680892342
243.099921309,-1.8464528668610285,-56.33401221995927,90.72961373390558,-0.5640612409347341,6.304558680892342
243.133416442,-2.7210884353741562,-56.33401221995927,90.72961373390558,-0.5640612409347341,6.304558680892342
243.166845353,-3.4013605442176953,-56.33401221995927,90.72961373390558,-0.5640612409347341,6.304558680892342
243.200284339,-3.984450923226433,-56.33401221995927,90.72961373390558,-0.5640612409347341,6.304558680892342
243.233792101,-4.178814382896007,-56.33401221995927,90.72961373390558,-0.5640612409347341,6.304558680892342
243.267215291,-4.470359572400383,-56.33401221995927,90.64377682403432,-0.5640612409347341,6.20756547041708
243.300640166,-4.956268221574348,-56.33401221995927,90.64377682403432,-0.5640612409347341,6.20756547041708
243.334124521,-5.150631681243922,-56.17107942973523,90.47210300429185,-0.5640612409347341,5.722599418040744
243.367554784,-5.24781341107871,-56.0081466395112,89.78540772532187,-0.5640612409347341,4.655674102812796
243.400982974,-5.150631681243922,-55.84521384928717,89.01287553648069,-0.5640612409347341,3.2007759456838016
243.4344402,-5.150631681243922,-55.76374745417515,88.15450643776822,-0.5640612409347341,1.260911736178457
243.467872352,-5.150631681243922,-55.76374745417515,87.63948497854076,-0.5640612409347341,-0.8729388942773966
243.501302375,-5.150631681243922,-55.682281059063136,87.21030042918454,-0.5640612409347341,-3.2007759456838016
243.534762231,-5.150631681243922,-55.682281059063136,86.86695278969958,-0.5640612409347341,-5.625606207565468
243.568189457,-5.150631681243922,-55.682281059063136,86.69527896995709,-0.5640612409347341,-8.147429679922396
243.601620091,-5.150631681243922,-55.682281059063136,86.69527896995709,-0.5640612409347341,-10.669253152279339
243.635130557,-5.053449951409135,-55.682281059063136,86.60944206008583,-0.5640612409347341,-13.094083414161005
243.66855858,-5.053449951409135,-55.682281059063136,86.3519313304721,-0.48348106365834553,-15.518913676042672
243.70198364,-5.053449951409135,-55.682281059063136,86.18025751072963,-0.48348106365834553,-17.846750727449077
243.735464625,-4.956268221574348,-55.60081466395112,86.18025751072963,-0.48348106365834553,-20.077594568380206
243.768892981,-4.761904761904773,-55.60081466395112,86.09442060085837,-0.48348106365834553,-21.629485935984476
243.802325763,-4.567541302235185,-55.60081466395112,86.09442060085837,-0.402900886381957,-22.890397672162948
243.835783248,-4.470359572400383,-55.60081466395112,86.09442060085837,-0.08058017727638855,-24.345295829291942
243.869210734,-4.470359572400383,-55.60081466395112,86.09442060085837,-0.08058017727638855,-25.41222114451989
243.902642831,-4.470359572400383,-55.60081466395112,86.09442060085837,-0.1611603545527771,-25.80019398642095
243.93607119,-4.373177842565596,-55.60081466395112,86.26609442060084,-0.3223207091055542,-25.897187196896226
243.969506308,-4.373177842565596,-55.60081466395112,86.3519313304721,-0.402900886381957,-25.80019398642095
244.003066554,-4.373177842565596,-55.60081466395112,86.52360515021459,-0.402900886381957,-25.315227934044614
244.036573097,-4.275996112730809,-55.60081466395112,86.60944206008583,-0.402900886381957,-24.53928225024248
244.069997957,-4.275996112730809,-55.60081466395112,86.78111587982832,-0.402900886381957,-23.278370514064022
244.103421427,-4.275996112730809,-55.60081466395112,86.78111587982832,-0.402900886381957,-21.629485935984476
244.136906304,-4.275996112730809,-55.60081466395112,86.86695278969958,-0.402900886381957,-19.49563530552861
244.170333885,-4.178814382896007,-55.60081466395112,86.86695278969958,-0.48348106365834553,-17.070805043646942
244.203792392,-4.178814382896007,-55.60081466395112,86.86695278969958,-0.48348106365834553,-14.451988360814738
244.237294639,-4.178814382896007,-55.60081466395112,86.86695278969958,-0.48348106365834553,-11.639185257031997
244.270721258,-4.178814382896007,-55.60081466395112,86.86695278969958,-0.5640612409347341,-8.923375363724546
244.304146061,-4.081632653061234,-55.60081466395112,86.86695278969958,-0.5640612409347341,-6.013579049466529
244.337628549,-4.081632653061234,-55.60081466395112,86.86695278969958,-0.5640612409347341,-3.394762366634339
244.371058279,-4.081632653061234,-55.682281059063136,86.86695278969958,-0.5640612409347341,-0.775945683802135
244.404492138,-4.081632653061234,-55.682281059063136,86.86695278969958,-0.5640612409347341,1.842870999030069
244.437949978,-3.984450923226433,-55.682281059063136,86.86695278969958,-0.5640612409347341,4.2677012609117355
244.471381412,-3.984450923226433,-55.76374745417515,86.86695278969958,-0.5640612409347341,6.692531522793416
244.504810641,-3.8872691933916457,-55.84521384928717,86.86695278969958,-0.5640612409347341,9.020368574199807
244.538266981,-3.4013605442176953,-55.84521384928717,86.86695278969958,-0.5640612409347341,11.251212415130937
244.571698711,-2.4295432458697803,-55.76374745417515,86.86695278969958,-0.5640612409347341,12.99709020368573
244.605128607,-0.971817298347915,-55.76374745417515,86.86695278969958,-0.48348106365834553,14.258001939864215
244.638594429,0.8746355685131277,-55.682281059063136,86.86695278969958,-0.24174053182916566,15.712900096993224
244.672025195,3.109815354713305,-55.682281059063136,86.86695278969958,-0.08058017727638855,16.58583899127062
244.705455462,5.4421768707483125,-55.682281059063136,86.86695278969958,-0.08058017727638855,16.876818622696405
244.738912969,7.968901846452866,-55.682281059063136,86.86695278969958,-0.08058017727638855,16.779825412221143
244.772344846,10.301263362487845,-55.682281059063136,86.86695278969958,0.0,16.779825412221143
244.80577565,12.73080660835764,-55.682281059063136,86.86695278969958,0.0,16.58583899127062
244.839228675,15.354713313896994,-55.60081466395112,86.86695278969958,0.0,16.391852570320083
244.872661109,17.88143828960156,-55.60081466395112,86.86695278969958,0.08058017727638855,16.19786614936953
244.906092172,20.310981535471328,-55.60081466395112,86.86695278969958,-0.1611603545527771,16.003879728419008
244.939544682,22.837706511175895,-55.5193482688391,86.78111587982832,-0.48348106365834553,15.712900096993224
244.972977582,25.17006802721089,-55.5193482688391,86.52360515021459,-0.48348106365834553,15.324927255092135
245.006416536,27.405247813411066,-55.437881873727086,86.3519313304721,-0.08058017727638855,14.645974781765275
245.03993149,29.25170068027211,-55.437881873727086,86.18025751072963,0.08058017727638855,13.676042677012617
245.073356926,30.417881438289612,-55.437881873727086,86.09442060085837,0.08058017727638855,12.415130940834146
245.106783473,31.68124392614189,-55.437881873727086,86.09442060085837,0.24174053182916566,10.7662463627546
245.140277779,32.361516034985414,-55.27494908350305,86.00858369098711,0.3223207091055542,8.632395732298747
245.173704771,32.55587949465502,-54.623217922606926,86.00858369098711,0.3223207091055542,6.110572259941804
245.207136318,32.65306122448979,-53.564154786150716,86.00858369098711,0.3223207091055542,3.4917555771096147
245.240641031,32.65306122448979,-52.342158859470466,86.00858369098711,0.3223207091055542,0.5819592628516119
245.274065652,32.65306122448979,-51.12016293279022,86.00858369098711,0.3223207091055542,-2.327837051406405
245.307491366,32.65306122448979,-49.81670061099797,85.92274678111588,0.3223207091055542,-5.140640155189132
245.340972746,32.65306122448979,-48.757637474541745,85.92274678111588,0.3223207091055542,-7.856450048496612
245.374399683,32.65306122448979,-47.861507128309576,85.75107296137338,0.3223207091055542,-10.475266731328801
245.407831193,32.65306122448979,-47.12830957230143,85.23605150214593,0.402900886381957,-12.900096993210468
245.441287814,32.65306122448979,-46.4765784114053,84.54935622317598,0.402900886381957,-14.354995150339477
245.474716102,32.65306122448979,-45.82484725050916,83.77682403433477,0.48348106365834553,-16.10087293889427
245.508144279,32.65306122448979,-45.17311608961303,83.09012875536482,0.5640612409347341,-17.55577109602328
245.541602492,32.65306122448979,-44.68431771894094,82.40343347639484,0.6446414182111226,-18.331716779825413
245.575033984,32.65306122448979,-44.43991853360488,81.88841201716738,1.0475423045930796,-18.428709990300675
245.608464365,32.65306122448979,-44.27698574338086,81.45922746781116,2.0145044319097565,-18.137730358874876
245.641923819,32.65306122448979,-44.27698574338086,81.03004291845494,3.545527800161153,-17.7497575169738
245.675353681,32.65306122448979,-44.27698574338086,80.42918454935622,5.56003223207091,-17.167798254122218
245.708785488,32.65306122448979,-44.27698574338086,79.65665236051501,8.058017727639012,-16.391852570320083
245.742243535,32.75024295432459,-44.27698574338086,78.62660944206007,11.03948428686543,-15.518913676042672
245.775673786,32.75024295432459,-44.27698574338086,77.42489270386267,14.262691377921016,-14.451988360814738
245.809104185,32.847424684159364,-44.27698574338086,76.05150214592277,17.808219178082197,-13.288069835111543
245.842554436,33.13896987366377,-44.27698574338086,74.76394849785407,21.43432715551974,-12.124151309408333
245.875987205,33.52769679300292,-44.27698574338086,73.30472103004291,24.979854955680906,-10.960232783705138
245.909417272,33.62487852283772,-44.27698574338086,71.84549356223175,28.444802578565685,-10.087293889427741
245.942847026,33.72206025267249,-44.27698574338086,70.38626609442059,31.74858984689766,-9.408341416100868
245.976282391,33.72206025267249,-44.27698574338086,68.92703862660946,34.81063658340048,-9.117361784675069
246.009711034,33.72206025267249,-44.27698574338086,67.55364806866953,37.30862207896857,-8.632395732298733
246.043222268,33.72206025267249,-44.27698574338086,66.09442060085837,39.96776792908946,-8.050436469447135
246.076648226,33.81924198250729,-44.27698574338086,64.8068669527897,42.38517324738115,-7.6624636275460745
246.110073239,33.81924198250729,-44.27698574338086,63.43347639484978,44.56083803384368,-7.468477206595537
246.143559048,33.81924198250729,-44.27698574338086,62.317596566523605,46.33360193392426,-7.468477206595537
246.176985987,33.81924198250729,-44.27698574338086,61.3733905579399,48.02578565672843,-7.468477206595537
246.210417296,33.81924198250729,-44.27698574338086,60.68669527896995,49.556809024979856,-7.468477206595537
246.243872753,33.81924198250729,-44.27698574338086,60.0,50.8460918614021,-7.468477206595537
246.277304674,33.81924198250729,-44.27698574338086,59.57081545064378,51.97421434327157,-7.468477206595537
246.310736687,33.62487852283772,-44.27698574338086,59.22746781115879,52.86059629331183,-7.468477206595537
246.344164034,33.13896987366377,-44.27698574338086,58.96995708154506,53.58581788879934,-7.6624636275460745
246.377597732,32.944606413994165,-44.27698574338086,58.79828326180257,54.23045930701048,-8.147429679922396
246.411030893,32.847424684159364,-44.27698574338086,58.54077253218884,54.79452054794521,-8.341416100872934
246.444489017,32.847424684159364,-44.27698574338086,58.454935622317606,55.43916196615632,-8.43840931134821
246.47792066,32.847424684159364,-44.27698574338086,58.369098712446345,55.51974214343272,-8.43840931134821
246.511349951,32.75024295432459,-44.602851323828915,58.369098712446345,55.6809024979855,-8.43840931134821
246.544804982,32.75024295432459,-44.765784114052956,58.369098712446345,55.761482675261874,-8.535402521823471
246.578237088,32.75024295432459,-44.92871690427699,58.369098712446345,55.761482675261874,-8.535402521823471
246.61166899,32.75024295432459,-44.92871690427699,58.369098712446345,55.761482675261874,-8.535402521823471
246.64512778,32.75024295432459,-45.010183299389006,58.369098712446345,55.761482675261874,-8.535402521823471
246.678557442,32.75024295432459,-45.010183299389006,58.369098712446345,55.84206285253828,-8.535402521823471
246.71199051,32.361516034985414,-45.010183299389006,58.369098712446345,55.84206285253828,-8.632395732298733
246.745446745,31.584062196307087,-45.010183299389006,58.369098712446345,55.51974214343272,-8.632395732298733
246.778878684,30.22351797862001,-45.010183299389006,58.369098712446345,55.27800161160354,-8.632395732298733
246.812310679,28.474246841593782,-45.010183299389006,58.369098712446345,55.19742143432717,-8.82638215324927
246.845763433,26.530612244897966,-45.010183299389006,58.28326180257511,55.19742143432717,-9.505334626576143
246.87919502,24.48979591836735,-45.010183299389006,58.28326180257511,55.116841257050766,-10.572259941804077
246.912626849,22.64334305150632,-45.010183299389006,58.28326180257511,55.116841257050766,-11.736178467507273
246.946089309,20.894071914480065,-45.010183299389006,58.28326180257511,55.116841257050766,-12.900096993210468
246.979523454,19.4363459669582,-45.010183299389006,58.28326180257511,55.116841257050766,-13.87002909796314
247.012950841,18.172983479105923,-45.010183299389006,58.28326180257511,55.116841257050766,-14.548981571290014
247.046406393,16.812439261418845,-45.010183299389006,58.28326180257511,55.116841257050766,-14.645974781765275
247.079836002,16.229348882410093,-45.010183299389006,58.28326180257511,55.116841257050766,-14.742967992240537
247.113267907,15.646258503401356,-45.010183299389006,58.28326180257511,55.116841257050766,-14.839961202715813
247.146727107,15.549076773566554,-45.010183299389006,58.369098712446345,55.51974214343272,-14.839961202715813
247.18015642,15.840621963070944,-45.09164969450102,58.369098712446345,55.84206285253828,-14.839961202715813
247.213587787,16.132167152575306,-45.09164969450102,58.712446351931334,55.92264302981468,-14.839961202715813
247.247043951,16.61807580174927,-45.09164969450102,59.141630901287556,55.92264302981468,-14.839961202715813
247.280474875,17.006802721088434,-45.09164969450102,59.31330472103005,56.003223207091054,-14.839961202715813
247.31390565,17.492711370262384,-45.09164969450102,59.48497854077252,56.003223207091054,-14.839961202715813
247.347357221,17.88143828960156,-45.09164969450102,59.57081545064378,56.003223207091054,-14.839961202715813
247.380788644,18.27016520894071,-45.09164969450102,59.65665236051504,56.003223207091054,-14.839961202715813
247.414218642,18.5617103984451,-45.09164969450102,60.25751072961373,56.08380338436746,-14.839961202715813
247.447674546,18.75607385811466,-45.010183299389006,61.11587982832617,56.16438356164383,-14.839961202715813
247.481107451,18.853255587949462,-45.010183299389006,62.317596566523605,56.64786462530219,-14.839961202715813
247.514535097,18.853255587949462,-45.010183299389006,63.60515021459227,57.2925060435133,-14.839961202715813
247.547991538,18.853255587949462,-45.010183299389006,64.89270386266094,58.01772763900081,-14.839961202715813
247.58142311,18.95043731778425,-45.010183299389006,66.00858369098711,58.66236905721192,-14.839961202715813
247.614851792,18.95043731778425,-44.92871690427699,67.12446351931331,59.30701047542303,-14.742967992240537
247.648279901,18.95043731778425,-44.84725050916497,68.15450643776825,59.79049153908139,-14.742967992240537
247.68170712,19.14480077745384,-44.68431771894094,69.09871244635193,60.11281224818694,-14.742967992240537
247.715137211,19.63070942662779,-44.43991853360488,70.04291845493563,60.5157131345689,-14.742967992240537
247.748593559,20.21379980563654,-44.35845213849288,71.07296137339057,60.75745366639808,-14.645974781765275
247.782023501,20.991253644314867,-44.35845213849288,72.27467811158797,60.918614020950855,-14.2580019398642
247.815452888,21.865889212827994,-44.35845213849288,73.6480686695279,61.07977437550363,-13.579049466537342
247.848904774,22.64334305150632,-44.35845213849288,75.0214592274678,61.24093473005641,-12.900096993210468
247.88234766,23.517978620019434,-44.5213849287169,76.13733905579397,61.321514907332784,-12.318137730358885
247.915781603,24.198250728862973,-44.84725050916497,77.42489270386267,61.402095084609186,-12.124151309408333
247.949249103,24.78134110787171,-44.92871690427699,78.4549356223176,61.402095084609186,-12.124151309408333
247.982685103,25.364431486880463,-44.92871690427699,79.39914163090128,61.402095084609186,-12.124151309408333
248.016115473,25.94752186588923,-44.92871690427699,80.42918454935622,61.402095084609186,-12.221144519883609
248.049630546,26.14188532555879,-45.010183299389006,81.3733905579399,61.402095084609186,-12.318137730358885
248.083056658,26.14188532555879,-45.010183299389006,82.3175965665236,61.402095084609186,-12.318137730358885
248.116481621,26.044703595724002,-45.010183299389006,83.17596566523605,61.402095084609186,-12.318137730358885
248.149971287,25.94752186588923,-45.010183299389006,83.862660944206,61.48267526188559,-12.318137730358885
248.183397435,25.94752186588923,-45.010183299389006,84.29184549356222,61.48267526188559,-12.318137730358885
248.216830324,25.850340136054427,-45.010183299389006,84.89270386266094,61.48267526188559,-12.318137730358885
248.250285676,25.850340136054427,-45.010183299389006,85.23605150214593,61.48267526188559,-12.318137730358885
248.283717787,25.850340136054427,-45.010183299389006,85.57939914163092,61.48267526188559,-12.415130940834146
248.31715225,25.850340136054427,-45.010183299389006,85.75107296137338,61.48267526188559,-12.415130940834146
248.350609546,25.850340136054427,-45.010183299389006,85.92274678111588,61.48267526188559,-12.415130940834146
248.384039972,25.850340136054427,-45.010183299389006,86.00858369098711,61.48267526188559,-12.415130940834146
248.417472268,25.850340136054427,-45.010183299389006,86.00858369098711,61.48267526188559,-12.415130940834146
248.450931861,25.850340136054427,-45.010183299389006,86.00858369098711,61.48267526188559,-12.415130940834146
248.484363565,25.850340136054427,-45.010183299389006,86.00858369098711,61.48267526188559,-12.415130940834146
248.51779225,25.850340136054427,-45.010183299389006,86.00858369098711,61.48267526188559,-12.415130940834146
248.551249027,25.850340136054427,-45.010183299389006,86.00858369098711,61.402095084609186,-12.415130940834146
248.584680509,25.850340136054427,-45.010183299389006,86.00858369098711,61.402095084609186,-12.415130940834146
248.618117157,25.850340136054427,-45.010183299389006,86.00858369098711,60.918614020950855,-12.415130940834146
248.651578101,25.850340136054427,-45.09164969450102,86.00858369098711,60.75745366639808,-12.415130940834146
248.685006842,25.850340136054427,-45.09164969450102,86.00858369098711,60.676873489121675,-12.415130940834146
248.718438898,25.94752186588923,-45.09164969450102,86.00858369098711,60.59629331184527,-12.415130940834146
248.751897694,25.94752186588923,-45.09164969450102,86.00858369098711,60.5157131345689,-12.512124151309408
248.785329842,25.94752186588923,-45.09164969450102,85.75107296137338,60.5157131345689,-12.512124151309408
248.818762953,25.94752186588923,-45.09164969450102,85.66523605150215,60.5157131345689,-12.706110572259945
248.852215824,25.94752186588923,-45.09164969450102,85.66523605150215,60.5157131345689,-13.676042677012617
248.885648398,25.94752186588923,-45.09164969450102,85.66523605150215,60.5157131345689,-15.227934044616873
248.919079918,25.94752186588923,-45.09164969450102,86.00858369098711,60.5157131345689,-17.36178467507274
248.952541606,25.94752186588923,-45.09164969450102,86.18025751072963,60.5157131345689,-19.980601357904945
248.985973831,25.94752186588923,-45.09164969450102,86.26609442060084,60.918614020950855,-22.59941804073715
249.019435666,26.044703595724002,-45.09164969450102,86.26609442060084,61.321514907332784,-24.345295829291942
249.052953871,26.239067055393576,-45.09164969450102,86.43776824034336,61.321514907332784,-26.285160038797287
249.08638243,26.43343051506318,-45.09164969450102,86.86695278969958,61.321514907332784,-28.031037827352094
249.11980947,26.43343051506318,-45.09164969450102,87.55364806866953,61.321514907332784,-29.29194956353055
249.153294786,26.43343051506318,-45.09164969450102,88.32618025751074,61.321514907332784,-31.13482056256062
249.1867224,26.336248785228378,-45.09164969450102,88.8412017167382,61.321514907332784,-32.298739088263815
249.220152088,26.044703595724002,-45.09164969450102,88.8412017167382,61.24093473005641,-33.26867119301649
249.253609609,26.044703595724002,-45.09164969450102,89.01287553648069,61.07977437550363,-34.33559650824442
249.28704226,26.044703595724002,-45.09164969450102,89.01287553648069,60.75745366639808,-35.49951503394763
249.320473152,26.336248785228378,-45.09164969450102,89.01287553648069,60.75745366639808,-36.66343355965083
249.353928469,26.530612244897966,-45.41751527494908,89.01287553648069,60.75745366639808,-37.92434529582928
249.387356934,26.530612244897966,-45.98778004073319,89.01287553648069,60.75745366639808,-39.088263821532486
249.420785826,26.530612244897966,-46.80244399185336,89.01287553648069,60.676873489121675,-39.9612027158099
249.454242847,26.627793974732754,-47.69857433808554,89.27038626609442,60.59629331184527,-40.54316197866149
249.487669998,26.627793974732754,-48.67617107942973,89.44206008583691,60.59629331184527,-40.93113482056256
249.521100075,26.627793974732754,-49.490835030549896,89.52789699570815,60.5157131345689,-41.028128031037824
249.554555873,26.724975704567527,-50.38696537678208,89.52789699570815,60.5157131345689,-41.1251212415131
249.587986802,26.724975704567527,-51.12016293279022,89.52789699570815,60.5157131345689,-41.028128031037824
249.621424731,26.724975704567527,-51.771894093686356,89.52789699570815,60.5157131345689,-40.83414161008729
249.655022268,26.724975704567527,-52.0162932790224,89.61373390557941,60.5157131345689,-40.44616876818623
249.688453363,26.724975704567527,-52.17922606924644,89.44206008583691,60.5157131345689,-39.76721629485937
249.721880162,26.724975704567527,-52.260692464358456,89.27038626609442,60.5157131345689,-38.797284190106694
249.755328554,26.724975704567527,-52.17922606924644,89.09871244635193,60.5157131345689,-37.53637245392822
249.788753816,26.724975704567527,-51.93482688391038,89.01287553648069,60.435132957292495,-36.08147429679922
249.822176948,26.724975704567527,-51.69042769857434,88.92703862660943,60.435132957292495,-34.33559650824442
249.85562408,26.724975704567527,-51.527494908350306,88.92703862660943,60.435132957292495,-32.49272550921435
249.889048768,26.724975704567527,-51.36456211812627,88.8412017167382,60.435132957292495,-30.74684772065956
249.922469958,26.822157434402328,-51.20162932790224,88.58369098712447,60.435132957292495,-28.806983511154215
249.955922741,26.822157434402328,-51.12016293279022,87.98283261802575,60.435132957292495,-26.964112512124146
249.989349672,26.822157434402328,-51.12016293279022,87.12446351931331,60.435132957292495,-25.024248302618815
250.022776307,26.822157434402328,-51.12016293279022,86.18025751072963,60.435132957292495,-23.181377303588746
250.05622772,26.822157434402328,-51.038696537678206,85.32188841201719,60.435132957292495,-21.04752667313288
250.089652633,26.822157434402328,-51.038696537678206,84.46351931330472,60.435132957292495,-18.81668283220175
250.123089379,26.919339164237115,-51.038696537678206,83.60515021459227,60.435132957292495,-16.488845780795344
250.156542698,27.405247813411066,-51.038696537678206,82.74678111587983,60.435132957292495,-14.161008729388953
250.189968407,28.085519922254605,-51.038696537678206,81.80257510729615,60.435132957292495,-11.93016488845781
250.223397857,29.154518950437335,-51.038696537678206,80.85836909871244,60.435132957292495,-9.990300678952465
250.256848992,30.32069970845481,-51.038696537678206,79.91416309012877,60.435132957292495,-8.147429679922396
250.290274423,31.77842565597669,-51.038696537678206,79.14163090128756,60.435132957292495,-6.498545101842865
250.32370028,33.333333333333314,-51.038696537678206,78.4549356223176,60.435132957292495,-4.849660523763333
250.357147767,34.9854227405248,-51.038696537678206,77.6824034334764,60.435132957292495,-3.394762366634339
250.390572272,36.734693877551024,-51.038696537678206,77.16738197424894,60.435132957292495,-2.1338506304558678
250.423996963,38.48396501457728,-51.038696537678206,76.73819742489269,60.435132957292495,-0.9699321047526723
250.457445116,40.33041788143831,-51.038696537678206,76.3948497854077,60.435132957292495,0.1939864209505373
250.490871066,42.176870748299336,-51.038696537678206,76.05150214592277,60.435132957292495,1.1639185257032096
250.524295219,44.12050534499514,-51.038696537678206,75.70815450643778,60.435132957292495,2.2308438409311293
250.557745761,46.06413994169097,-51.038696537678206,75.1931330472103,60.35455278001612,3.103782735208526
250.591170859,47.910592808551996,-51.038696537678206,74.42060085836911,60.35455278001612,4.073714839961198
250.62459555,49.9514091350826,-51.038696537678206,73.6480686695279,60.35455278001612,4.946653734238595
250.65804274,51.99222546161323,-50.95723014256619,72.78969957081546,60.35455278001612,5.5286129970901925
250.691463856,53.93586005830903,-50.95723014256619,71.93133047210301,60.35455278001612,6.20756547041708
250.724888843,55.976676384839664,-50.95723014256619,71.1587982832618,60.35455278001612,6.595538312318141
250.758334959,57.72594752186589,-50.95723014256619,70.38626609442059,60.35455278001612,6.983511154219201
250.791759909,59.475218658892146,-50.95723014256619,69.69957081545064,60.35455278001612,7.274490785645014
250.825184952,61.12730806608357,-50.95723014256619,69.01287553648069,60.35455278001612,7.371483996120261
250.858628253,62.779397473275026,-50.95723014256619,68.41201716738198,60.35455278001612,7.565470417070813
250.892053166,64.23712342079688,-50.95723014256619,67.89699570815452,60.35455278001612,7.565470417070813
250.925477988,65.50048590864915,-50.95723014256619,67.2961373390558,60.35455278001612,7.565470417070813
250.958964588,66.76384839650146,-50.95723014256619,66.86695278969955,60.35455278001612,7.565470417070813
250.992397188,67.83284742468416,-50.95723014256619,66.43776824034336,60.35455278001612,7.565470417070813
251.025824029,68.90184645286686,-51.038696537678206,66.00858369098711,60.35455278001612,7.565470417070813
251.059274685,69.87366375121476,-51.038696537678206,65.66523605150215,60.35455278001612,7.565470417070813
251.092701007,70.65111758989312,-51.038696537678206,65.32188841201716,60.35455278001612,7.565470417070813
251.126127515,71.42857142857142,-51.038696537678206,64.89270386266094,60.35455278001612,7.6624636275460745
251.159576949,72.10884353741497,-51.038696537678206,64.54935622317598,60.35455278001612,7.6624636275460745
251.19300203,72.59475218658892,-51.038696537678206,64.20600858369099,60.35455278001612,7.6624636275460745
251.226427446,72.8862973760933,-51.038696537678206,63.862660944206,60.35455278001612,7.6624636275460745
251.259875916,72.9834791059281,-51.038696537678206,63.776824034334766,60.35455278001612,7.6624636275460745
251.293300794,72.8862973760933,-51.038696537678206,63.69098712446353,60.35455278001612,7.6624636275460745
251.326726895,72.7891156462585,-51.038696537678206,63.69098712446353,60.35455278001612,7.6624636275460745
251.360176421,72.7891156462585,-51.038696537678206,63.60515021459227,60.35455278001612,7.6624636275460745
251.393599558,72.59475218658892,-51.038696537678206,63.60515021459227,60.35455278001612,7.6624636275460745
251.427023659,72.59475218658892,-51.038696537678206,63.60515021459227,60.35455278001612,7.6624636275460745
251.460469629,72.49757045675415,-51.038696537678206,63.60515021459227,60.35455278001612,7.6624636275460745
251.493895266,72.49757045675415,-51.038696537678206,63.60515021459227,60.35455278001612,7.6624636275460745
251.527318997,72.49757045675415,-51.038696537678206,63.60515021459227,60.35455278001612,7.6624636275460745
251.560766152,72.49757045675415,-51.038696537678206,63.60515021459227,60.35455278001612,7.6624636275460745
251.594190234,72.49757045675415,-51.038696537678206,63.60515021459227,60.35455278001612,7.565470417070813
251.627623575,72.49757045675415,-51.038696537678206,63.51931330472104,60.193392425463344,6.983511154219201
251.661073638,72.40038872691935,-51.038696537678206,63.51931330472104,59.62933118452861,6.692531522793416
251.694497313,72.40038872691935,-51.038696537678206,63.51931330472104,58.50120870265914,6.595538312318141
251.72792232,72.30320699708454,-51.038696537678206,63.69098712446353,56.88960515713134,6.498545101842865
251.761368735,71.72011661807579,-51.038696537678206,63.94849785407726,55.116841257050766,6.498545101842865
251.794793132,70.65111758989312,-51.038696537678206,64.12017167381973,53.10233682514101,6.498545101842865
251.82821851,69.09620991253644,-51.038696537678206,64.20600858369099,51.08783239323128,6.498545101842865
251.861666981,67.05539358600583,-51.038696537678206,64.29184549356225,49.1539081385979,6.498545101842865
251.895091229,64.91739552964043,-51.038696537678206,64.37768240343345,47.219983883964545,6.498545101842865
251.928515406,62.58503401360545,-51.038696537678206,64.37768240343345,45.44721998388397,6.498545101842865
251.961967194,60.05830903790087,-50.95723014256619,64.37768240343345,43.755036261079766,6.498545101842865
251.995394408,57.531584062196316,-50.95723014256619,64.46351931330472,42.14343271555197,6.498545101842865
252.028819399,54.90767735665696,-50.87576374745417,64.46351931330472,40.77356970185335,6.498545101842865
252.062268502,52.38095238095238,-50.712830957230146,64.46351931330472,39.40370668815473,6.498545101842865
252.095692327,49.9514091350826,-50.224032586558046,64.46351931330472,38.11442385173248,6.498545101842865
252.129116689,47.71622934888239,-49.32790224032586,64.46351931330472,36.986301369863014,6.595538312318141
252.162570606,45.67541302235182,-48.26883910386965,64.46351931330472,35.93875906526995,6.595538312318141
252.195995857,43.63459669582119,-47.046843177189416,64.46351931330472,35.05237711522966,6.595538312318141
252.229419626,41.49659863945578,-46.069246435845216,64.46351931330472,34.16599516518937,6.595538312318141
252.262867433,39.26141885325558,-45.41751527494908,64.46351931330472,33.36019339242546,6.595538312318141
252.296291276,37.0262390670554,-44.765784114052956,64.46351931330472,32.63497179693795,6.595538312318141
252.329716046,34.9854227405248,-44.27698574338086,64.46351931330472,31.82917002417406,6.595538312318141
252.363163778,32.847424684159364,-43.86965376782077,64.46351931330472,31.184528605962925,6.595538312318141
252.396588029,30.70942662779396,-43.788187372708755,64.46351931330472,30.701047542304593,6.595538312318141
252.430011798,28.668610301263357,-43.70672097759674,64.46351931330472,30.539887187751816,6.595538312318141
252.463460215,26.724975704567527,-43.54378818737271,64.46351931330472,30.37872683319904,6.498545101842865
252.496884096,24.78134110787171,-43.54378818737271,64.46351931330472,30.217566478646262,6.498545101842865
252.530309088,22.934888241010682,-43.54378818737271,64.46351931330472,30.217566478646262,6.498545101842865
252.563758597,21.088435374149668,-43.62525458248473,64.46351931330472,30.13698630136986,6.498545101842865
252.597182885,19.14480077745384,-43.62525458248473,64.46351931330472,29.975825946817082,6.498545101842865
252.630612284,17.29834791059281,-43.62525458248473,64.46351931330472,29.73408541498793,6.498545101842865
252.664062109,15.451895043731795,-43.62525458248473,64.46351931330472,29.73408541498793,6.498545101842865
252.69748599,13.411078717201178,-43.62525458248473,64.46351931330472,29.73408541498793,6.498545101842865
252.730912148,11.370262390670561,-43.70672097759674,64.46351931330472,29.814665592264305,6.498545101842865
252.764358195,9.329446064139944,-43.70672097759674,64.46351931330472,29.895245769540708,6.498545101842865
252.79779039,7.1914480077745395,-43.70672097759674,64.46351931330472,29.895245769540708,6.498545101842865
252.831217252,5.24781341107871,-43.70672097759674,64.46351931330472,29.895245769540708,6.498545101842865
252.864666984,3.109815354713305,-43.788187372708755,64.46351931330472,29.895245769540708,6.498545101842865
252.898098643,1.1661807580174894,-43.788187372708755,64.46351931330472,30.217566478646262,6.498545101842865
252.931535433,-0.7774538386783263,-43.788187372708755,64.46351931330472,30.298146655922665,6.498545101842865
252.96496876,-2.5267249757045676,-43.788187372708755,64.46351931330472,30.37872683319904,6.498545101842865
252.998392772,-4.178814382896007,-43.86965376782077,64.46351931330472,30.45930701047544,6.498545101842865
253.031816377,-5.636540330417887,-44.27698574338086,64.46351931330472,30.45930701047544,6.498545101842865
253.065252686,-7.094266277939738,-44.92871690427699,64.46351931330472,30.45930701047544,6.498545101842865
253.098680273,-8.357628765792029,-45.82484725050916,64.46351931330472,30.539887187751816,6.498545101842865
253.132106859,-9.232264334305157,-46.639511201629325,64.46351931330472,30.539887187751816,6.498545101842865
253.165555186,-9.718172983479107,-46.96537678207739,64.46351931330472,30.539887187751816,6.498545101842865
253.198978643,-10.204081632653057,-47.37270875763747,64.46351931330472,30.86220789685737,6.498545101842865
253.232411767,-10.884353741496597,-47.53564154786151,64.46351931330472,31.58742949234488,6.498545101842865
253.265862705,-11.661807580174937,-47.617107942973526,64.46351931330472,32.63497179693795,6.498545101842865
253.299287347,-11.953352769679299,-47.617107942973526,64.46351931330472,34.08541498791297,6.498545101842865
253.332715119,-12.342079689018462,-47.617107942973526,64.46351931330472,35.858178887993574,6.401551891367603
253.366163909,-12.53644314868805,-47.78004073319756,64.29184549356225,37.63094278807412,5.819592628516006
253.399590458,-12.925170068027214,-47.942973523421585,63.94849785407726,39.4842868654311,4.655674102812796
253.433018915,-13.21671525753159,-48.0244399185336,63.776824034334766,41.176470588235304,2.8128031037827412
253.466470075,-13.313896987366377,-48.10590631364562,63.69098712446353,42.062852538275564,0.48496605237633617
253.49989568,-13.411078717201164,-48.187372708757636,63.69098712446353,43.35213537469781,-2.327837051406405
253.533323119,-13.022351797862001,-48.187372708757636,63.69098712446353,44.3996776792909,-5.431619786614945
253.566777871,-12.53644314868805,-48.187372708757636,63.69098712446353,45.28605962933119,-8.82638215324927
253.600203477,-12.342079689018462,-48.187372708757636,63.862660944206,45.9307010475423,-12.318137730358885
253.633632915,-12.342079689018462,-48.26883910386965,64.12017167381973,46.41418211120066,-15.615906886517934
253.667087483,-12.342079689018462,-48.26883910386965,64.37768240343345,46.81708299758262,-19.010669253152273
253.700513625,-12.342079689018462,-48.26883910386965,64.46351931330472,47.05882352941177,-21.823472356935014
253.733946007,-12.342079689018462,-48.26883910386965,64.46351931330472,47.05882352941177,-24.15130940834142
253.767401668,-12.342079689018462,-48.26883910386965,64.46351931330472,47.30056406124092,-26.382153249272562
253.800825328,-12.342079689018462,-48.26883910386965,64.46351931330472,47.38114423851732,-28.225024248302617
253.834249711,-12.342079689018462,-48.26883910386965,64.46351931330472,47.38114423851732,-29.388942774005827
253.867684853,-12.342079689018462,-48.26883910386965,64.46351931330472,47.05882352941177,-29.873908826382163
253.901112718,-12.342079689018462,-48.26883910386965,64.46351931330472,47.05882352941177,-30.358874878758485
253.934536492,-12.342079689018462,-48.26883910386965,64.46351931330472,46.978243352135394,-31.03782735208536
253.968040301,-12.342079689018462,-48.26883910386965,64.37768240343345,46.978243352135394,-31.13482056256062
254.001468687,-12.439261418853249,-48.26883910386965,64.03433476394852,46.978243352135394,-31.13482056256062
254.034895442,-12.439261418853249,-48.26883910386965,63.69098712446353,46.978243352135394,-31.23181377303588
254.068394307,-12.439261418853249,-48.26883910386965,63.51931330472104,46.978243352135394,-31.23181377303588
254.1018226,-12.439261418853249,-48.26883910386965,63.43347639484978,46.978243352135394,-31.23181377303588
254.135256522,-12.439261418853249,-48.35030549898167,63.43347639484978,46.89766317485899,-31.23181377303588
254.168756961,-12.439261418853249,-48.35030549898167,63.43347639484978,46.89766317485899,-31.23181377303588
254.202181032,-12.439261418853249,-48.35030549898167,63.43347639484978,46.89766317485899,-31.23181377303588
254.23560538,-12.439261418853249,-48.35030549898167,63.43347639484978,46.89766317485899,-31.23181377303588
254.269085394,-12.439261418853249,-48.35030549898167,63.43347639484978,46.89766317485899,-31.23181377303588
254.302513001,-12.439261418853249,-48.35030549898167,63.43347639484978,46.89766317485899,-31.23181377303588
254.335944201,-12.439261418853249,-48.35030549898167,63.43347639484978,46.89766317485899,-31.13482056256062
254.36940116,-12.439261418853249,-48.35030549898167,63.51931330472104,46.89766317485899,-30.358874878758485
254.402830119,-12.342079689018462,-48.35030549898167,63.51931330472104,46.89766317485899,-30.164888457807947
254.436258782,-12.342079689018462,-48.35030549898167,63.60515021459227,46.89766317485899,-30.067895247332686
254.469716333,-12.342079689018462,-48.35030549898167,63.862660944206,46.89766317485899,-30.067895247332686
254.503147792,-12.342079689018462,-48.35030549898167,64.20600858369099,46.89766317485899,-30.067895247332686
254.536578455,-12.342079689018462,-48.35030549898167,64.37768240343345,46.89766317485899,-29.97090203685741
254.570036006,-12.244897959183675,-48.35030549898167,64.46351931330472,46.89766317485899,-29.97090203685741
254.603463224,-12.244897959183675,-48.35030549898167,64.54935622317598,46.89766317485899,-29.873908826382163
254.636894461,-12.050534499514086,-48.35030549898167,64.54935622317598,46.89766317485899,-29.679922405431626
254.670352661,-11.27308066083576,-48.35030549898167,64.63519313304721,46.89766317485899,-28.806983511154215
254.703783361,-10.10689990281827,-48.35030549898167,65.06437768240343,46.89766317485899,-27.352085354025206
254.737213468,-8.649173955296405,-48.35030549898167,65.57939914163092,46.89766317485899,-25.41222114451989
254.770666464,-6.899902818270164,-48.35030549898167,66.18025751072963,46.89766317485899,-23.375363724539284
254.804096997,-5.053449951409135,-48.35030549898167,66.3519313304721,46.89766317485899,-21.338506304558678
254.837528289,-3.1098153547133194,-48.35030549898167,66.43776824034336,46.89766317485899,-19.883608147429683
254.870980007,-1.2633624878522767,-48.431771894093686,66.78111587982835,46.89766317485899,-18.622696411251212
254.904412392,0.19436345966958868,-48.431771894093686,67.03862660944208,46.89766317485899,-17.26479146459748
254.937839391,1.749271137026227,-48.431771894093686,67.38197424892704,46.89766317485899,-16.29485935984482
254.971363536,3.2069970845481066,-48.431771894093686,67.46781115879827,46.89766317485899,-15.324927255092149
255.00479146,4.470359572400383,-48.431771894093686,67.46781115879827,46.89766317485899,-13.967022308438416
255.038247958,5.73372206025266,-48.431771894093686,67.55364806866953,46.978243352135394,-13.191076624636281
255.071710085,6.997084548104951,-48.431771894093686,67.55364806866953,46.978243352135394,-12.415130940834146
255.105133288,8.357628765792029,-48.431771894093686,67.55364806866953,46.978243352135394,-11.348205625606212
255.138559027,9.718172983479107,-48.431771894093686,67.63948497854076,46.978243352135394,-10.087293889427741
255.172078283,11.078717201166171,-48.431771894093686,67.63948497854076,46.978243352135394,-8.43840931134821
255.205509578,12.53644314868805,-48.431771894093686,67.63948497854076,46.978243352135394,-6.595538312318141
255.238950928,13.994169096209916,-48.431771894093686,67.63948497854076,46.978243352135394,-4.655674102812796
255.272466647,15.451895043731795,-48.431771894093686,67.63948497854076,46.978243352135394,-2.618816682832204
255.305894553,16.715257531584072,-48.431771894093686,67.63948497854076,46.978243352135394,-0.5819592628516119
255.33931981,18.07580174927115,-48.431771894093686,67.63948497854076,46.978243352135394,1.3579049466537327
255.372753216,19.533527696793,-48.431771894093686,67.55364806866953,46.978243352135394,3.2007759456838016
255.406185973,20.894071914480065,-48.431771894093686,67.55364806866953,46.89766317485899,4.946653734238595
255.439614268,22.157434402332356,-48.431771894093686,67.46781115879827,46.89766317485899,6.498545101842865
255.473066581,23.517978620019434,-48.431771894093686,67.38197424892704,46.89766317485899,7.856450048496598
255.506492061,24.878522837706512,-48.431771894093686,67.38197424892704,46.89766317485899,8.535402521823471
255.539924374,26.14188532555879,-48.431771894093686,67.38197424892704,46.89766317485899,9.60232783705142
255.573373075,27.30806608357628,-48.431771894093686,67.2961373390558,46.89766317485899,10.572259941804063
255.606804426,28.474246841593782,-48.431771894093686,67.12446351931331,46.89766317485899,11.736178467507273
255.640234757,29.73760932944606,-48.431771894093686,66.86695278969955,46.89766317485899,12.318137730358885
255.673685552,31.19533527696794,-48.35030549898167,66.69527896995709,46.89766317485899,12.99709020368573
255.707111365,32.75024295432459,-48.35030549898167,66.69527896995709,46.89766317485899,13.773035887487879
255.740542585,34.402332361516045,-48.35030549898167,66.60944206008583,46.89766317485899,14.451988360814738
255.773992713,35.860058309037896,-48.35030549898167,66.60944206008583,46.89766317485899,15.130940834141612
255.807420045,37.220602526724974,-48.35030549898167,66.60944206008583,46.89766317485899,15.615906886517948
255.840841525,38.48396501457728,-48.35030549898167,66.60944206008583,46.89766317485899,16.003879728419008
255.874274171,39.650145772594755,-48.35030549898167,66.60944206008583,46.81708299758262,16.294859359844807
255.907700874,40.42759961127308,-48.35030549898167,66.60944206008583,46.736502820306214,16.294859359844807
255.941127226,40.91350826044703,-48.35030549898167,66.60944206008583,46.25302175664788,16.100872938894284
255.974581133,41.20505344995141,-48.35030549898167,66.60944206008583,45.124899274778414,16.100872938894284
256.008030615,41.39941690962098,-48.35030549898167,66.60944206008583,43.59387590652699,16.100872938894284
256.041458041,41.39941690962098,-48.35030549898167,66.86695278969955,41.82111200644641,16.294859359844807
256.07490706,41.39941690962098,-48.35030549898167,67.12446351931331,39.64544721998388,16.19786614936953
256.108332875,41.39941690962098,-48.35030549898167,67.38197424892704,37.469782433521345,16.003879728419008
256.141757209,41.39941690962098,-48.35030549898167,67.46781115879827,35.21353746978244,15.906886517943747
256.175205024,41.39941690962098,-48.35030549898167,67.55364806866953,32.9572925060435,15.80989330746847
256.20863108,41.39941690962098,-48.35030549898167,67.55364806866953,30.781627719580968,15.80989330746847
256.242055358,41.30223517978621,-48.0244399185336,67.63948497854076,28.76712328767124,15.80989330746847
256.275505322,41.30223517978621,-47.78004073319756,67.63948497854076,26.83319903303787,15.712900096993224
256.308932692,41.30223517978621,-47.69857433808554,67.63948497854076,25.221595487510058,15.712900096993224
256.342357841,41.30223517978621,-47.617107942973526,67.63948497854076,23.851732473811452,15.712900096993224
256.375806508,41.30223517978621,-47.617107942973526,67.63948497854076,22.562449637389207,15.712900096993224
256.409237638,41.30223517978621,-47.617107942973526,67.63948497854076,21.11200644641417,15.712900096993224
256.442660823,41.30223517978621,-47.617107942973526,67.63948497854076,19.903303787268328,15.712900096993224
256.476112749,41.30223517978621,-47.617107942973526,67.63948497854076,18.936341659951665,15.712900096993224
256.509537509,41.30223517978621,-47.53564154786151,67.63948497854076,17.969379532634974,15.712900096993224
256.542961639,41.30223517978621,-47.53564154786151,67.63948497854076,17.002417405318297,15.712900096993224
256.576406658,41.20505344995141,-47.53564154786151,67.63948497854076,16.116035455277995,15.712900096993224
256.609839695,41.20505344995141,-47.53564154786151,67.63948497854076,15.229653505237707,15.712900096993224
256.64327114,41.20505344995141,-47.53564154786151,67.63948497854076,14.423851732473807,15.712900096993224
256.676768436,41.20505344995141,-47.53564154786151,67.72532188841203,13.69863013698631,15.712900096993224
256.710196048,41.20505344995141,-47.53564154786151,67.89699570815452,13.053988718775187,15.712900096993224
256.743627863,41.20505344995141,-47.53564154786151,68.41201716738198,12.409347300564065,15.615906886517948
256.777084955,41.20505344995141,-47.53564154786151,69.27038626609442,11.84528605962933,15.615906886517948
256.810516659,41.20505344995141,-47.53564154786151,70.21459227467813,11.281224818694596,15.615906886517948
256.843950734,41.20505344995141,-47.53564154786151,71.1587982832618,10.878323932312654,15.518913676042672
256.877407419,41.20505344995141,-47.53564154786151,72.18884120171674,10.958904109589042,15.518913676042672
256.910841791,41.20505344995141,-47.617107942973526,73.13304721030042,10.958904109589042,15.518913676042672
256.944275886,41.107871720116634,-47.617107942973526,74.16309012875536,10.958904109589042,15.518913676042672
256.97778648,41.01068999028183,-47.617107942973526,75.1931330472103,10.958904109589042,15.518913676042672
257.011210667,40.33041788143831,-47.617107942973526,76.13733905579397,10.958904109589042,15.518913676042672
257.044641225,39.26141885325558,-47.617107942973526,77.16738197424894,10.958904109589042,15.518913676042672
257.078130745,37.803692905733726,-47.617107942973526,78.11158798283262,10.958904109589042,15.518913676042672
257.111560581,36.15160349854227,-47.617107942973526,78.96995708154506,10.958904109589042,15.518913676042672
257.144992435,34.20796890184644,-47.617107942973526,79.91416309012877,10.958904109589042,15.518913676042672
257.178453419,32.26433430515064,-47.617107942973526,80.68669527896998,10.958904109589042,15.518913676042672
257.211881495,30.417881438289612,-47.53564154786151,81.3733905579399,11.03948428686543,15.518913676042672
257.245312905,28.86297376093293,-47.53564154786151,82.06008583690988,11.03948428686543,15.518913676042672
257.278769833,27.502429543245867,-47.53564154786151,82.74678111587983,11.03948428686543,15.518913676042672
257.312198687,26.336248785228378,-47.53564154786151,83.60515021459227,11.12006446414182,15.518913676042672
257.345630912,25.364431486880463,-47.53564154786151,84.37768240343348,11.12006446414182,15.518913676042672
257.379085359,24.392614188532562,-47.53564154786151,85.15021459227466,11.12006446414182,15.518913676042672
257.412515509,23.61516034985422,-47.53564154786151,85.83690987124464,11.12006446414182,15.518913676042672
257.445946271,22.934888241010682,-47.53564154786151,86.52360515021459,11.12006446414182,15.518913676042672
257.479404088,22.351797862001945,-47.53564154786151,87.03862660944205,11.12006446414182,15.518913676042672
257.512834812,21.96307094266278,-47.53564154786151,87.55364806866953,11.200644641418208,15.518913676042672
257.546264056,21.477162293488817,-47.53564154786151,87.98283261802575,11.200644641418208,15.518913676042672
257.57976115,20.991253644314867,-47.53564154786151,88.24034334763948,11.200644641418208,15.518913676042672
257.613188004,20.310981535471328,-47.53564154786151,88.58369098712447,11.200644641418208,15.518913676042672
257.646617543,19.72789115646259,-47.53564154786151,88.75536480686694,11.200644641418208,15.518913676042672
257.680067416,19.04761904761905,-47.53564154786151,88.92703862660943,11.200644641418208,15.518913676042672
257.71349427,18.4645286686103,-47.53564154786151,88.92703862660943,11.684125705076553,15.518913676042672
257.746920013,17.78425655976676,-47.53564154786151,88.8412017167382,12.812248186946022,15.518913676042672
257.780368349,17.201166180758023,-47.53564154786151,88.58369098712447,14.343271555197418,15.518913676042672
257.8137925,16.61807580174927,-47.53564154786151,88.32618025751074,16.277195809830786,15.518913676042672
257.847216502,16.132167152575306,-47.53564154786151,88.15450643776822,18.37228041901693,15.227934044616887
257.880664245,15.743440233236157,-47.53564154786151,87.98283261802575,20.709105560032228,14.548981571290014
257.914091156,15.354713313896994,-47.69857433808554,87.72532188841203,23.045930701047553,13.385063045586804
257.947518956,15.160349854227405,-48.0244399185336,87.03862660944205,25.302175664786446,11.833171677982548
257.980988442,15.160349854227405,-48.10590631364562,86.18025751072963,27.477840451248994,10.087293889427755
258.014417946,15.354713313896994,-48.187372708757636,85.32188841201719,29.49234488315875,8.244422890397658
258.047848877,15.549076773566554,-48.187372708757636,84.72103004291847,31.50684931506848,6.498545101842865
258.081289344,15.549076773566554,-48.26883910386965,84.12017167381973,33.521353746978235,4.946653734238595
258.114711793,15.549076773566554,-48.26883910386965,83.51931330472101,35.374697824335215,3.7827352085353994
258.148137205,15.160349854227405,-48.26883910386965,83.09012875536482,37.228041901692166,2.8128031037827412
258.181592949,14.965986394557817,-48.26883910386965,82.74678111587983,39.00080580177277,1.260911736178457
258.215022028,14.965986394557817,-48.26883910386965,82.4892703862661,40.53182917002417,0.1939864209505373
258.248450477,14.86880466472303,-48.26883910386965,82.14592274678111,42.062852538275564,-0.775945683802135
258.281898129,14.86880466472303,-48.26883910386965,81.88841201716738,43.43271555197421,-1.842870999030069
258.31532267,14.86880466472303,-48.26883910386965,81.63090128755366,44.641418211120055,-3.10378273520854
258.348747582,14.86880466472303,-48.35030549898167,81.45922746781116,45.76954069298952,-4.558680892337534
258.382199716,14.86880466472303,-48.35030549898167,81.28755364806867,46.81708299758262,-6.20756547041708
258.41562448,14.86880466472303,-48.35030549898167,81.20171673819743,47.864625302175654,-7.953443258971873
258.449049521,14.86880466472303,-48.35030549898167,81.28755364806867,48.831587429492345,-9.990300678952465
258.482505007,14.86880466472303,-48.35030549898167,81.54506437768242,49.71796937953263,-12.124151309408333
258.515935678,14.86880466472303,-48.35030549898167,81.63090128755366,50.60435132957292,-14.354995150339477
258.549368238,14.86880466472303,-48.35030549898167,81.63090128755366,51.410153102336835,-16.585838991270606
258.582832631,14.86880466472303,-48.35030549898167,81.88841201716738,52.054794520547944,-18.719689621726474
258.616257987,14.86880466472303,-48.35030549898167,82.06008583690988,52.61885576148268,-20.85354025218234
258.649689862,14.86880466472303,-48.35030549898167,82.06008583690988,53.18291700241738,-22.793404461687686
258.683148551,14.965986394557817,-48.35030549898167,82.06008583690988,53.263497179693786,-24.15130940834142
258.71657974,14.965986394557817,-48.431771894093686,82.06008583690988,53.263497179693786,-25.315227934044614
258.750005504,14.965986394557817,-48.431771894093686,82.06008583690988,53.263497179693786,-26.382153249272562
258.783461804,15.063168124392618,-48.431771894093686,82.06008583690988,53.263497179693786,-27.25509214354996
258.816887957,15.063168124392618,-48.431771894093686,82.06008583690988,53.263497179693786,-27.64306498545102
258.850312036,15.063168124392618,-48.431771894093686,82.06008583690988,53.18291700241738,-28.51600387972843
258.883753984,15.063168124392618,-48.431771894093686,82.06008583690988,53.18291700241738,-29.097963142580014
258.917178304,14.965986394557817,-48.431771894093686,81.97424892703862,53.10233682514101,-29.29194956353055
258.950605422,14.965986394557817,-48.431771894093686,81.63090128755366,53.10233682514101,-29.679922405431626
258.984060131,14.965986394557817,-48.431771894093686,81.45922746781116,53.10233682514101,-30.164888457807947
259.01748599,14.965986394557817,-48.431771894093686,81.3733905579399,53.10233682514101,-30.74684772065956
259.050911274,14.965986394557817,-48.431771894093686,81.28755364806867,53.10233682514101,-31.522793404461694
259.084359854,15.257531584062207,-48.431771894093686,81.28755364806867,53.021756647864606,-32.298739088263815
259.11778499,15.646258503401356,-48.431771894093686,81.28755364806867,53.021756647864606,-33.171677982541226
259.151207626,15.743440233236157,-48.431771894093686,81.20171673819743,53.021756647864606,-33.753637245392824
259.184656928,15.840621963070944,-48.431771894093686,81.20171673819743,53.021756647864606,-33.850630455868085
259.218080731,15.840621963070944,-48.431771894093686,81.20171673819743,52.94117647058823,-33.94762366634335
259.251513602,15.840621963070944,-48.431771894093686,81.20171673819743,52.5382755842063,-34.04461687681862
259.284971609,15.840621963070944,-48.431771894093686,81.20171673819743,51.651893634166015,-33.94762366634335
259.318398116,15.840621963070944,-48.431771894093686,81.28755364806867,50.28203062046737,-33.94762366634335
259.351823383,15.840621963070944,-48.431771894093686,81.63090128755366,48.589846897663165,-33.94762366634335
259.385283352,15.840621963070944,-48.431771894093686,81.97424892703862,46.81708299758262,-33.94762366634335
259.418709545,15.840621963070944,-48.431771894093686,82.06008583690988,44.80257856567283,-33.850630455868085
259.45213433,15.743440233236157,-48.431771894093686,82.23175965665237,43.029814665592255,-33.850630455868085
259.485583985,15.743440233236157,-48.431771894093686,82.4892703862661,41.49879129734086,-33.850630455868085
259.519008103,15.743440233236157,-48.431771894093686,83.09012875536482,40.20950846091861,-33.850630455868085
259.552432481,15.549076773566554,-48.431771894093686,84.0343347639485,38.51732473811441,-33.850630455868085
259.585870914,15.451895043731795,-48.431771894093686,85.15021459227466,36.986301369863014,-33.850630455868085
259.619295014,15.451895043731795,-48.431771894093686,86.26609442060084,35.77759871071717,-33.850630455868085
259.652724373,15.646258503401356,-48.431771894093686,87.21030042918454,34.6494762288477,-33.850630455868085
259.686172898,15.646258503401356,-48.431771894093686,88.06866952789701,33.44077356970186,-33.850630455868085
259.719596684,15.646258503401356,-48.431771894093686,88.6695278969957,32.31265108783239,-33.753637245392824
259.753021876,15.646258503401356,-48.431771894093686,89.44206008583691,31.023368251410147,-33.46265761396701
259.786469642,15.646258503401356,-48.431771894093686,89.9570815450644,29.73408541498793,-32.49272550921435
259.819893575,15.646258503401356,-48.431771894093686,90.30042918454936,28.444802578565685,-31.328806983511157
259.853317842,15.646258503401356,-48.431771894093686,90.55793991416309,27.074939564867037,-29.58292919495635
259.886765442,15.646258503401356,-48.431771894093686,90.81545064377684,25.705076551168403,-27.64306498545102
259.920190952,15.549076773566554,-48.431771894093686,90.90128755364805,24.415793714746187,-25.315227934044614
259.953618692,15.549076773566554,-48.431771894093686,90.90128755364805,23.12651087832394,-22.793404461687686
259.987068302,15.743440233236157,-48.431771894093686,90.98712446351931,21.837228041901696,-20.271580989330744
260.020493894,15.840621963070944,-48.431771894093686,91.1587982832618,20.467365028203062,-17.36178467507274
260.05391682,15.840621963070944,-48.431771894093686,91.3304721030043,19.17808219178083,-14.645974781765275
260.087365319,15.840621963070944,-48.431771894093686,91.50214592274679,17.888799355358586,-11.639185257031997
260.120788041,15.840621963070944,-48.431771894093686,91.67381974248926,16.59951651893634,-8.82638215324927
260.154221281,15.840621963070944,-48.431771894093686,92.01716738197425,15.310233682514095,-6.013579049466529
260.187674614,15.840621963070944,-48.431771894093686,92.44635193133047,14.101531023368238,-3.297769156159063
260.221098613,15.840621963070944,-48.431771894093686,92.96137339055795,12.89282836422241,-0.775945683802135
260.254529705,15.840621963070944,-48.431771894093686,93.47639484978541,11.764705882352942,1.55189136760427
260.287977056,15.937803692905732,-48.431771894093686,93.99141630901286,10.717163577759862,3.7827352085353994
260.321401537,15.937803692905732,-48.431771894093686,94.33476394849785,9.589041095890408,5.722599418040744
260.35482574,15.937803692905732,-48.431771894093686,94.50643776824035,8.622078968573717,7.468477206595537
260.388274258,15.937803692905732,-48.431771894093686,94.50643776824035,7.574536663980666,9.117361784675083
260.421698979,15.937803692905732,-48.431771894093686,94.50643776824035,6.607574536663989,10.475266731328816
260.455123516,15.937803692905732,-48.431771894093686,94.33476394849785,5.640612409347298,11.833171677982548
260.488567774,16.034985422740533,-48.431771894093686,94.07725321888412,4.593070104754233,13.094083414161005
260.521990922,16.034985422740533,-48.431771894093686,94.07725321888412,3.545527800161153,14.258001939864215
260.555414403,16.326530612244895,-48.431771894093686,94.07725321888412,2.4174053182917135,15.518913676042672
260.58886231,17.10398445092322,-48.431771894093686,93.99141630901286,1.2892828364222453,16.682832201745867
260.622287124,18.07580174927115,-48.431771894093686,93.99141630901286,0.08058017727638855,17.846750727449077
260.655712883,19.24198250728864,-48.431771894093686,93.99141630901286,-1.2087026591458567,18.913676042677025
260.689163271,20.699708454810505,-48.431771894093686,93.90557939914163,-2.497985495568088,19.98060135790493
260.722587678,22.060252672497555,-48.431771894093686,93.90557939914163,-3.8678485092667216,20.853540252182356
260.756032899,23.517978620019434,-48.431771894093686,93.90557939914163,-5.2377115229653555,21.04752667313288
260.789480195,24.878522837706512,-48.431771894093686,93.90557939914163,-6.526994359387601,21.43549951503394
260.822903953,26.044703595724002,-48.431771894093686,93.90557939914163,-7.977437550362609,21.726479146459752
260.856328638,27.113702623906704,-48.431771894093686,93.90557939914163,-9.427880741337631,21.726479146459752
260.889775822,28.085519922254605,-48.431771894093686,93.90557939914163,-10.797743755036265,21.629485935984476
260.923201651,28.765792031098158,-48.431771894093686,93.90557939914163,-12.167606768734899,21.629485935984476
260.956631146,29.446064139941683,-48.431771894093686,93.90557939914163,-13.376309427880742,21.629485935984476
260.990084455,29.73760932944606,-48.431771894093686,93.90557939914163,-14.50443190975021,21.629485935984476
261.023542672,29.73760932944606,-48.35030549898167,93.90557939914163,-15.22965350523772,21.629485935984476
261.056976889,29.73760932944606,-48.35030549898167,93.90557939914163,-15.87429492344883,21.629485935984476
261.09042981,29.640427599611286,-48.26883910386965,93.90557939914163,-16.59951651893634,21.629485935984476
261.12385523,29.543245869776484,-48.26883910386965,93.90557939914163,-17.163577759871075,21.629485935984476
261.157279984,28.960155490767733,-48.26883910386965,93.99141630901286,-17.32473811442385,21.629485935984476
261.190729108,28.085519922254605,-48.26883910386965,94.16309012875536,-17.48589846897663,21.629485935984476
261.224153584,26.822157434402328,-48.26883910386965,94.24892703862662,-17.48589846897663,21.629485935984476
261.257577542,25.26724975704569,-48.26883910386965,94.33476394849785,-17.48589846897663,21.629485935984476
261.29102674,23.517978620019434,-48.26883910386965,94.42060085836908,-17.48589846897663,21.629485935984476
261.324451716,21.768707482993193,-48.26883910386965,94.50643776824035,-17.48589846897663,21.629485935984476
261.35787623,20.019436345966966,-48.26883910386965,94.59227467811161,-17.40531829170024,21.629485935984476
261.391324854,18.367346938775512,-48.26883910386965,94.67811158798284,-17.40531829170024,21.629485935984476
261.424749163,16.812439261418845,-48.26883910386965,94.76394849785407,-17.40531829170024,21.629485935984476
261.458173436,15.549076773566554,-48.26883910386965,94.76394849785407,-17.40531829170024,21.629485935984476
261.491623375,14.577259475218668,-48.26883910386965,94.84978540772534,-17.40531829170024,21.629485935984476
261.525047203,13.508260447035951,-48.26883910386965,94.84978540772534,-17.40531829170024,21.629485935984476
261.55847042,12.342079689018462,-48.26883910386965,94.84978540772534,-17.40531829170024,21.629485935984476
261.591918951,11.467444120505348,-48.26883910386965,94.93562231759657,-17.40531829170024,21.629485935984476
261.625402575,10.59280855199222,-48.26883910386965,94.93562231759657,-17.40531829170024,21.629485935984476
261.65882857,9.620991253644306,-48.26883910386965,94.93562231759657,-17.40531829170024,21.629485935984476
261.692276935,8.649173955296405,-48.26883910386965,94.93562231759657,-17.40531829170024,21.629485935984476
261.7257013,7.5801749271136885,-48.35030549898167,94.93562231759657,-17.40531829170024,21.629485935984476
261.759124295,6.413994169096199,-48.35030549898167,94.93562231759657,-17.40531829170024,21.629485935984476
261.792575048,5.053449951409135,-48.35030549898167,94.93562231759657,-17.40531829170024,21.629485935984476
261.825999913,3.692905733722057,-48.35030549898167,94.93562231759657,-17.40531829170024,21.532492725509215
261.85942513,2.332361516034979,-48.431771894093686,94.93562231759657,-17.40531829170024,21.532492725509215
261.89287331,0.971817298347915,-48.431771894093686,94.93562231759657,-17.40531829170024,21.532492725509215
261.926298356,-0.09718172983480144,-48.431771894093686,94.84978540772534,-17.48589846897663,21.532492725509215
261.959728586,-0.7774538386783263,-48.51323828920571,94.84978540772534,-17.48589846897663,21.532492725509215
261.993179391,-1.4577259475218654,-48.920570264765786,94.76394849785407,-17.48589846897663,21.532492725509215
262.026603196,-1.8464528668610285,-49.65376782077393,94.76394849785407,-17.48589846897663,21.532492725509215
262.060029334,-1.7492711370262413,-50.712830957230146,94.76394849785407,-17.48589846897663,21.532492725509215
262.093478898,-1.1661807580174894,-51.69042769857434,94.76394849785407,-17.48589846897663,21.532492725509215
262.12690311,-0.19436345966957447,-52.17922606924644,94.76394849785407,-17.40531829170024,21.532492725509215
262.160327804,1.5549076773566668,-52.66802443991853,94.76394849785407,-17.40531829170024,21.532492725509215
262.193775683,3.692905733722057,-52.9938900203666,94.84978540772534,-17.40531829170024,21.629485935984476
262.227199228,6.413994169096199,-52.9938900203666,94.84978540772534,-17.40531829170024,21.629485935984476
262.260623718,9.426627793974745,-52.9938900203666,94.84978540772534,-17.40531829170024,21.629485935984476
262.294070245,12.73080660835764,-53.075356415478616,94.84978540772534,-17.40531829170024,21.629485935984476
262.327493865,16.229348882410093,-53.319755600814666,94.84978540772534,-17.40531829170024,21.726479146459752
262.360916484,19.72789115646259,-53.4826883910387,94.84978540772534,-17.40531829170024,21.726479146459752
262.394363308,23.12925170068027,-53.564154786150716,94.84978540772534,-17.40531829170024,21.726479146459752
262.427789224,26.627793974732754,-53.64562118126273,94.84978540772534,-17.40531829170024,21.726479146459752
262.461214047,29.446064139941683,-53.64562118126273,94.84978540772534,-17.40531829170024,21.726479146459752
262.494661241,32.06997084548104,-53.72708757637474,94.93562231759657,-17.40531829170024,21.726479146459752
262.528084434,34.11078717201167,-53.72708757637474,94.93562231759657,-17.40531829170024,21.726479146459752
262.561509258,35.374149659863946,-53.72708757637474,94.93562231759657,-17.40531829170024,21.629485935984476
262.594956655,35.860058309037896,-53.72708757637474,94.93562231759657,-17.40531829170024,21.629485935984476
262.6283872,35.860058309037896,-53.72708757637474,94.93562231759657,-17.40531829170024,21.629485935984476
262.661812839,35.47133138969875,-53.72708757637474,94.93562231759657,-17.40531829170024,21.629485935984476
262.695260551,34.59669582118562,-53.72708757637474,94.93562231759657,-17.40531829170024,21.629485935984476
262.7286838,33.23615160349854,-53.72708757637474,94.93562231759657,-17.40531829170024,21.629485935984476
262.762108475,31.486880466472314,-53.72708757637474,94.93562231759657,-17.40531829170024,21.629485935984476
262.795555706,29.446064139941683,-53.72708757637474,94.93562231759657,-17.40531829170024,21.629485935984476
262.828978807,27.113702623906704,-53.72708757637474,94.93562231759657,-17.40531829170024,21.629485935984476
262.862402167,24.58697764820215,-53.72708757637474,94.93562231759657,-17.40531829170024,21.629485935984476
262.895849898,21.96307094266278,-53.72708757637474,94.93562231759657,-17.40531829170024,21.629485935984476
262.929275272,19.24198250728864,-53.72708757637474,94.93562231759657,-17.40531829170024,21.629485935984476
262.962702665,16.61807580174927,-53.72708757637474,94.93562231759657,-17.40531829170024,21.629485935984476
262.996155947,13.896987366375129,-53.72708757637474,94.93562231759657,-17.40531829170024,21.629485935984476
263.029586728,11.370262390670561,-53.72708757637474,94.93562231759657,-17.40531829170024,21.629485935984476
263.063015714,8.940719144800767,-53.72708757637474,94.93562231759657,-17.40531829170024,21.629485935984476
263.096463384,6.608357628765788,-53.72708757637474,94.93562231759657,-17.40531829170024,21.629485935984476
263.12988761,4.567541302235185,-53.80855397148676,94.93562231759657,-17.40531829170024,21.629485935984476
263.163311836,2.623906705539355,-53.80855397148676,94.93562231759657,-17.48589846897663,21.629485935984476
263.196760766,0.971817298347915,-53.80855397148676,94.93562231759657,-17.48589846897663,21.629485935984476
263.230185159,-0.5830903790087376,-53.80855397148676,94.93562231759657,-17.48589846897663,21.629485935984476
263.263609589,-2.040816326530617,-53.80855397148676,94.93562231759657,-17.48589846897663,21.629485935984476
263.297056241,-3.304178814382894,-53.80855397148676,94.93562231759657,-17.48589846897663,21.629485935984476
263.330480615,-4.470359572400383,-53.80855397148676,94.93562231759657,-17.48589846897663,21.629485935984476
263.363904174,-5.442176870748298,-53.80855397148676,94.93562231759657,-17.48589846897663,21.629485935984476
263.397350789,-6.413994169096213,-53.80855397148676,94.93562231759657,-17.48589846897663,21.629485935984476
263.430774812,-7.385811467444128,-53.80855397148676,94.93562231759657,-17.48589846897663,21.629485935984476
263.464197834,-8.260447035957242,-53.890020366598776,94.93562231759657,-17.64705882352942,21.629485935984476
263.497643209,-9.037900874635568,-53.890020366598776,94.93562231759657,-17.808219178082197,21.629485935984476
263.531062435,-9.815354713313894,-54.29735234215886,94.93562231759657,-17.808219178082197,21.629485935984476
263.564488642,-10.59280855199222,-55.03054989816701,94.84978540772534,-17.72763900080581,21.629485935984476
263.597934924,-11.370262390670547,-56.08961303462322,94.84978540772534,-17.48589846897663,21.629485935984476
263.631367483,-12.147716229348887,-57.14867617107943,94.84978540772534,-17.48589846897663,21.629485935984476
263.66479995,-12.827988338192426,-58.20773930753565,94.84978540772534,-17.48589846897663,21.629485935984476
263.698252991,-13.313896987366377,-58.85947046843177,94.84978540772534,-17.40531829170024,21.629485935984476
263.731678421,-13.605442176870753,-59.348268839103866,94.84978540772534,-17.40531829170024,21.629485935984476
263.765102054,-13.896987366375129,-59.83706720977597,94.84978540772534,-17.40531829170024,21.629485935984476
263.798552336,-14.285714285714292,-60.0,94.84978540772534,-17.40531829170024,21.629485935984476
263.832033192,-14.382896015549079,-60.08146639511202,94.76394849785407,-17.40531829170024,21.532492725509215
263.865459159,-14.382896015549079,-60.08146639511202,94.76394849785407,-17.40531829170024,21.532492725509215
263.898907014,-14.382896015549079,-60.08146639511202,94.67811158798284,-17.40531829170024,21.532492725509215
263.932330902,-14.382896015549079,-60.08146639511202,94.67811158798284,-17.40531829170024,21.532492725509215
263.965758957,-14.382896015549079,-60.08146639511202,94.67811158798284,-17.32473811442385,21.532492725509215
263.999210734,-14.382896015549079,-60.08146639511202,94.67811158798284,-17.244157937147463,21.532492725509215
264.032637826,-14.382896015549079,-60.08146639511202,94.67811158798284,-17.163577759871075,21.532492725509215
264.066059548,-14.382896015549079,-60.08146639511202,94.67811158798284,-16.68009669621273,21.532492725509215
264.099509677,-14.382896015549079,-60.08146639511202,94.67811158798284,-15.713134568896052,21.532492725509215
264.132934936,-14.382896015549079,-60.08146639511202,94.67811158798284,-14.423851732473807,21.532492725509215
264.166359379,-14.382896015549079,-60.08146639511202,94.67811158798284,-12.65108783239323,21.532492725509215
264.199808638,-14.382896015549079,-60.40733197556008,94.33476394849785,-10.394842868654308,21.532492725509215
264.233232712,-14.382896015549079,-60.651731160896134,93.99141630901286,-7.977437550362609,21.04752667313288
264.26665897,-14.382896015549079,-60.73319755600814,93.8197424892704,-5.56003223207091,19.883608147429683
264.300106358,-14.382896015549079,-60.81466395112016,93.73390557939913,-2.9814665592264333,18.234723569350137
264.333530839,-14.382896015549079,-60.81466395112016,93.73390557939913,-0.5640612409347341,16.19786614936953
264.366963265,-14.382896015549079,-60.81466395112016,93.73390557939913,0.9669621273166911,13.676042677012617
264.40041543,-14.382896015549079,-60.81466395112016,93.6480686695279,2.9008863819500306,10.863239573229876
264.433839597,-14.382896015549079,-60.81466395112016,93.6480686695279,4.51248992747783,7.759456838021322
264.467272577,-14.382896015549079,-60.81466395112016,93.6480686695279,5.56003223207091,4.364694471387011
264.500723725,-14.382896015549079,-60.81466395112016,93.6480686695279,6.285253827558421,0.9699321047526723
264.534149243,-14.382896015549079,-60.81466395112016,93.6480686695279,6.526994359387601,-2.521823472356928
264.567574501,-14.382896015549079,-60.81466395112016,93.6480686695279,6.526994359387601,-6.013579049466529
264.60102539,-14.382896015549079,-60.81466395112016,93.6480686695279,6.768734891216766,-9.408341416100868
264.634456963,-14.382896015549079,-60.81466395112016,93.6480686695279,7.171635777598723,-12.803103782735207
264.66788224,-14.382896015549079,-60.81466395112016,93.6480686695279,7.171635777598723,-16.003879728419008
264.701332147,-14.382896015549079,-60.81466395112016,93.73390557939913,7.171635777598723,-19.20465567410281
264.73475635,-14.091350826044703,-60.81466395112016,93.73390557939913,7.171635777598723,-22.01745877788555
264.76817322,-13.70262390670554,-60.81466395112016,93.73390557939913,7.171635777598723,-23.95732298739088
264.801620052,-13.508260447035951,-60.81466395112016,93.73390557939913,7.171635777598723,-26.18816682832201
264.835044218,-13.508260447035951,-60.81466395112016,93.73390557939913,6.768734891216766,-28.031037827352094
264.868468866,-13.508260447035951,-60.81466395112016,93.73390557939913,6.607574536663989,-29.19495635305529
264.901917939,-13.508260447035951,-60.4887983706721,93.73390557939913,6.526994359387601,-29.679922405431626
264.935342193,-13.411078717201164,-60.40733197556008,93.73390557939913,6.526994359387601,-29.679922405431626
264.968768336,-13.411078717201164,-60.16293279022403,93.73390557939913,6.526994359387601,-29.29194956353055
265.002221794,-13.313896987366377,-60.16293279022403,93.6480686695279,6.446414182111198,-28.709990300678953
265.0356469,-13.313896987366377,-60.08146639511202,93.6480686695279,6.446414182111198,-28.031037827352094
265.069068784,-13.313896987366377,-60.08146639511202,93.6480686695279,6.446414182111198,-27.158098933074683
265.10251513,-13.21671525753159,-60.08146639511202,93.6480686695279,6.446414182111198,-26.18816682832201
265.135939847,-13.21671525753159,-60.08146639511202,93.6480686695279,6.446414182111198,-25.024248302618815
265.169363787,-13.119533527696788,-60.08146639511202,93.6480686695279,6.365834004834809,-23.95732298739088
265.202809615,-13.022351797862001,-60.08146639511202,93.73390557939913,6.365834004834809,-22.59941804073715
265.236240684,-12.53644314868805,-60.08146639511202,93.73390557939913,6.365834004834809,-21.241513094083416
265.269669623,-11.75898931000971,-60.08146639511202,93.8197424892704,6.365834004834809,-19.883608147429683
265.303122211,-10.398445092322646,-60.08146639511202,93.8197424892704,6.365834004834809,-18.331716779825413
265.336551965,-8.746355685131192,-60.08146639511202,93.8197424892704,6.365834004834809,-16.97381183317168
265.369987201,-6.608357628765788,-60.08146639511202,93.8197424892704,6.365834004834809,-15.518913676042672
265.403443251,-4.275996112730809,-60.08146639511202,93.8197424892704,6.365834004834809,-14.354995150339477
265.436869005,-1.8464528668610285,-60.08146639511202,93.8197424892704,6.365834004834809,-13.191076624636281
265.470331556,0.8746355685131277,-60.08146639511202,93.8197424892704,6.365834004834809,-12.124151309408333
265.50385668,3.692905733722057,-60.08146639511202,93.8197424892704,6.365834004834809,-11.251212415130937
265.537281341,6.705539358600589,-60.08146639511202,93.8197424892704,6.446414182111198,-10.37827352085354
265.57070041,9.815354713313894,-60.08146639511202,93.90557939914163,6.526994359387601,-9.505334626576143
265.604171405,12.827988338192426,-60.08146639511202,93.99141630901286,6.607574536663989,-8.632395732298733
265.637596659,15.840621963070944,-60.08146639511202,94.16309012875536,6.849315068493155,-7.953443258971873
265.671022543,18.75607385811466,-60.08146639511202,94.24892703862662,6.9298952457695435,-7.177497575169738
265.704468464,21.282798833819243,-60.16293279022403,94.24892703862662,7.010475423045932,-6.595538312318141
265.737894552,23.420796890184633,-60.24439918533605,94.24892703862662,7.091055600322321,-6.20756547041708
265.771315343,25.46161321671525,-60.24439918533605,94.24892703862662,7.091055600322321,-5.819592628516006
265.804766615,27.113702623906704,-60.24439918533605,94.24892703862662,7.091055600322321,-5.819592628516006
265.838188592,28.37706511175898,-60.08146639511202,94.33476394849785,7.091055600322321,-6.20756547041708
265.871664938,29.34888241010688,-60.08146639511202,94.42060085836908,7.091055600322321,-6.401551891367603
265.905111341,29.83479105928086,-60.08146639511202,94.50643776824035,7.171635777598723,-6.595538312318141
265.938532239,29.83479105928086,-60.08146639511202,94.50643776824035,7.252215954875112,-6.692531522793402
265.971968377,29.83479105928086,-60.08146639511202,94.50643776824035,7.252215954875112,-6.692531522793402
266.005419331,29.73760932944606,-60.24439918533605,94.59227467811161,7.3327961321515005,-6.692531522793402
266.038844951,29.25170068027211,-60.40733197556008,94.59227467811161,7.3327961321515005,-6.692531522793402
266.072273386,28.37706511175898,-60.651731160896134,94.59227467811161,7.3327961321515005,-6.789524733268664
266.105766247,27.016520894071917,-60.73319755600814,94.67811158798284,7.3327961321515005,-6.789524733268664
266.139196385,25.46161321671525,-60.81466395112016,94.67811158798284,7.3327961321515005,-6.789524733268664
266.172630339,23.61516034985422,-60.81466395112016,94.67811158798284,7.3327961321515005,-6.789524733268664
266.206133403,21.574344023323604,-60.81466395112016,94.67811158798284,7.3327961321515005,-6.789524733268664
266.239559394,19.24198250728864,-60.81466395112016,94.76394849785407,7.3327961321515005,-6.789524733268664
266.272985106,16.909620991253632,-60.81466395112016,94.76394849785407,7.3327961321515005,-6.789524733268664
266.306464393,14.382896015549079,-60.81466395112016,94.76394849785407,7.3327961321515005,-6.789524733268664
266.33989481,11.953352769679299,-60.896130346232184,94.84978540772534,7.3327961321515005,-6.789524733268664
266.373328226,9.620991253644306,-60.896130346232184,94.84978540772534,7.3327961321515005,-6.789524733268664
266.406786087,7.288629737609327,-60.896130346232184,94.84978540772534,7.3327961321515005,-6.789524733268664
266.440217337,5.053449951409135,-60.9775967413442,94.84978540772534,7.3327961321515005,-6.789524733268664
266.473645846,2.915451895043745,-60.9775967413442,94.93562231759657,7.3327961321515005,-6.692531522793402
266.507170225,0.971817298347915,-60.9775967413442,94.93562231759657,7.3327961321515005,-6.692531522793402
266.540602067,-0.7774538386783263,-60.9775967413442,94.93562231759657,7.3327961321515005,-5.916585838991267
266.574029576,-1.7492711370262413,-60.9775967413442,94.93562231759657,7.3327961321515005,-5.722599418040744
266.607482974,-2.8182701652089293,-60.9775967413442,94.93562231759657,7.252215954875112,-5.625606207565468
266.640904817,-3.2069970845481066,-60.9775967413442,94.93562231759657,7.010475423045932,-5.625606207565468
266.674332048,-3.012633624878518,-60.9775967413442,94.93562231759657,6.688154713940378,-5.5286129970901925
266.707819853,-2.5267249757045676,-60.9775967413442,94.93562231759657,6.607574536663989,-5.5286129970901925
266.741249566,-1.9436345966958157,-60.9775967413442,94.93562231759657,6.607574536663989,-5.5286129970901925
266.774678686,-1.0689990281827022,-60.9775967413442,94.93562231759657,6.688154713940378,-5.431619786614945
266.808136806,-0.19436345966957447,-60.9775967413442,94.93562231759657,7.091055600322321,-5.140640155189132
266.841569463,0.971817298347915,-60.896130346232184,94.93562231759657,7.171635777598723,-4.461687681862273
266.87500312,2.1379980563654044,-60.896130346232184,94.93562231759657,7.171635777598723,-3.2007759456838016
266.908463425,3.4985422740524825,-60.896130346232184,94.93562231759657,7.171635777598723,-1.6488845780795316
266.942088521,4.859086491739561,-60.896130346232184,94.93562231759657,7.171635777598723,0.29097963142578465
266.975525267,6.219630709426639,-60.896130346232184,94.93562231759657,7.171635777598723,2.4248302618816666
267.009074827,7.482993197278915,-60.896130346232184,94.93562231759657,7.010475423045932,4.558680892337534
267.042507017,8.649173955296405,-60.896130346232184,94.93562231759657,6.688154713940378,6.692531522793416
267.075956243,9.718172983479107,-60.896130346232184,94.93562231759657,6.607574536663989,8.82638215324927
267.109403063,10.495626822157433,-60.896130346232184,94.93562231759657,6.607574536663989,10.960232783705152
267.142832586,11.370262390670561,-60.896130346232184,94.93562231759657,6.607574536663989,12.706110572259945
267.176259628,11.953352769679299,-60.896130346232184,94.93562231759657,6.526994359387601,14.258001939864215
267.209750651,12.53644314868805,-60.896130346232184,94.93562231759657,6.526994359387601,15.227934044616887
267.243176989,12.827988338192426,-60.896130346232184,94.93562231759657,6.526994359387601,16.100872938894284
267.276611346,12.73080660835764,-60.896130346232184,94.93562231759657,6.446414182111198,16.779825412221143
267.310107758,12.633624878522838,-60.896130346232184,94.93562231759657,6.446414182111198,16.97381183317168
267.343534077,12.342079689018462,-60.896130346232184,94.84978540772534,6.446414182111198,16.97381183317168
267.37695986,12.0505344995141,-60.896130346232184,94.76394849785407,6.446414182111198,16.876818622696405
267.410442086,11.467444120505348,-60.896130346232184,94.76394849785407,6.446414182111198,16.876818622696405
267.443867406,10.689990281827022,-60.896130346232184,94.76394849785407,6.446414182111198,16.58583899127062
267.477298855,10.009718172983483,-60.896130346232184,94.67811158798284,6.446414182111198,15.615906886517948
267.510756767,9.135082604470355,-60.896130346232184,94.67811158798284,6.446414182111198,13.967022308438402
267.544189994,8.357628765792029,-60.896130346232184,94.67811158798284,6.446414182111198,11.833171677982548
267.577619925,7.67735665694849,-60.896130346232184,94.67811158798284,6.446414182111198,9.117361784675083
267.611075985,7.1914480077745395,-60.896130346232184,94.76394849785407,6.446414182111198,6.110572259941804
267.644508194,6.997084548104951,-60.896130346232184,94.76394849785407,6.849315068493155,3.103782735208526
267.677939606,6.997084548104951,-60.896130346232184,94.76394849785407,7.091055600322321,-0.29097963142579886
267.711397999,7.094266277939738,-60.896130346232184,94.84978540772534,7.171635777598723,-3.5887487875848763
267.744826671,7.1914480077745395,-60.896130346232184,94.84978540772534,7.252215954875112,-6.983511154219201
267.778257046,7.1914480077745395,-60.896130346232184,94.93562231759657,7.252215954875112,-10.184287099903017
267.81171381,7.1914480077745395,-60.81466395112016,94.93562231759657,7.252215954875112,-12.997090203685744
267.845143407,7.1914480077745395,-60.81466395112016,94.93562231759657,7.252215954875112,-15.227934044616873
267.878575615,7.1914480077745395,-60.73319755600814,94.93562231759657,7.252215954875112,-17.55577109602328
267.91208784,7.1914480077745395,-60.651731160896134,94.93562231759657,7.252215954875112,-19.689621726479146
267.945528359,7.1914480077745395,-60.57026476578412,95.0214592274678,7.252215954875112,-21.338506304558678
267.978964526,7.1914480077745395,-60.57026476578412,95.27896995708153,7.252215954875112,-22.793404461687686
268.012479156,7.1914480077745395,-60.57026476578412,95.79399141630901,7.171635777598723,-24.733268671193017
268.045903342,7.1914480077745395,-60.57026476578412,96.39484978540773,6.849315068493155,-25.897187196896226
268.079336361,7.1914480077745395,-60.81466395112016,97.08154506437768,6.607574536663989,-26.964112512124146
268.112782694,7.1914480077745395,-60.81466395112016,97.59656652360516,6.607574536663989,-28.128031037827355
268.146215176,7.094266277939738,-60.81466395112016,98.02575107296136,6.607574536663989,-29.29194956353055
268.179641455,7.094266277939738,-60.81466395112016,98.4549356223176,6.607574536663989,-30.455868089233746
268.213092029,7.094266277939738,-60.81466395112016,98.71244635193133,6.607574536663989,-31.716779825412218
268.246524493,7.094266277939738,-60.81466395112016,98.79828326180257,6.607574536663989,-32.88069835111543
268.279951919,7.094266277939738,-60.81466395112016,98.88412017167383,6.768734891216766,-33.850630455868085
268.313447827,7.094266277939738,-60.81466395112016,98.96995708154506,7.010475423045932,-34.82056256062076
268.346877975,7.094266277939738,-60.81466395112016,98.96995708154506,7.091055600322321,-35.693501454898154
268.380307402,7.094266277939738,-60.81466395112016,98.96995708154506,7.091055600322321,-36.469447138700296
268.413808717,7.094266277939738,-60.81466395112016,98.96995708154506,7.171635777598723,-37.14839961202716
268.447234403,7.094266277939738,-60.81466395112016,98.96995708154506,7.171635777598723,-37.82735208535403
268.480658366,7.094266277939738,-60.81466395112016,98.96995708154506,7.171635777598723,-38.40931134820562
268.514141829,7.094266277939738,-60.81466395112016,98.96995708154506,7.171635777598723,-38.797284190106694
268.54756983,7.094266277939738,-60.81466395112016,98.96995708154506,7.010475423045932,-39.18525703200776
268.581002312,7.094266277939738,-60.81466395112016,98.96995708154506,7.010475423045932,-39.37924345295829
268.614462053,7.094266277939738,-60.81466395112016,98.96995708154506,6.9298952457695435,-39.47623666343356
268.647898313,7.094266277939738,-60.81466395112016,98.96995708154506,6.768734891216766,-39.37924345295829
268.681331424,7.094266277939738,-60.81466395112016,98.96995708154506,6.607574536663989,-38.894277400581956
268.714833813,7.094266277939738,-60.81466395112016,98.96995708154506,6.607574536663989,-38.894277400581956
268.748258981,7.094266277939738,-60.81466395112016,98.96995708154506,6.607574536663989,-38.894277400581956
268.781687926,7.094266277939738,-60.81466395112016,98.96995708154506,6.607574536663989,-38.894277400581956
268.815173889,7.094266277939738,-60.81466395112016,98.96995708154506,6.607574536663989,-38.797284190106694
268.848603574,7.094266277939738,-60.81466395112016,98.96995708154506,6.607574536663989,-38.797284190106694
268.882031519,7.094266277939738,-60.81466395112016,98.96995708154506,6.607574536663989,-38.700290979631426
268.915534795,7.094266277939738,-60.81466395112016,98.96995708154506,6.526994359387601,-38.603297769156164
268.948964643,7.094266277939738,-60.81466395112016,98.96995708154506,6.526994359387601,-38.603297769156164
268.982389991,7.094266277939738,-60.81466395112016,98.96995708154506,6.526994359387601,-38.506304558680895
269.015882635,7.094266277939738,-60.81466395112016,98.96995708154506,6.526994359387601,-38.506304558680895
269.049323428,7.094266277939738,-60.81466395112016,98.96995708154506,6.526994359387601,-38.506304558680895
269.082756202,7.094266277939738,-60.81466395112016,98.96995708154506,6.526994359387601,-38.506304558680895
269.116260272,7.094266277939738,-60.81466395112016,98.96995708154506,6.688154713940378,-38.506304558680895
269.149685157,7.1914480077745395,-60.81466395112016,98.96995708154506,6.9298952457695435,-38.506304558680895
269.183110505,7.1914480077745395,-60.81466395112016,98.96995708154506,7.091055600322321,-38.40931134820562
269.216595168,7.1914480077745395,-60.81466395112016,98.96995708154506,7.171635777598723,-38.40931134820562
269.250021257,7.1914480077745395,-60.81466395112016,98.96995708154506,7.171635777598723,-38.40931134820562
269.283447846,7.1914480077745395,-60.81466395112016,98.96995708154506,7.171635777598723,-38.40931134820562
269.316945416,7.1914480077745395,-60.81466395112016,98.96995708154506,7.171635777598723,-38.40931134820562
269.350370024,7.1914480077745395,-60.81466395112016,98.96995708154506,7.171635777598723,-38.40931134820562
269.383792557,7.1914480077745395,-60.81466395112016,98.96995708154506,7.171635777598723,-38.40931134820562
269.417276423,7.1914480077745395,-60.81466395112016,98.96995708154506,7.171635777598723,-38.40931134820562
269.450700753,7.1914480077745395,-60.81466395112016,98.96995708154506,7.171635777598723,-38.40931134820562
269.484132323,7.1914480077745395,-60.81466395112016,98.96995708154506,7.171635777598723,-38.40931134820562
269.517589857,7.1914480077745395,-60.81466395112016,98.96995708154506,7.171635777598723,-38.40931134820562
269.551020816,7.1914480077745395,-60.81466395112016,98.96995708154506,7.171635777598723,-38.40931134820562
269.584452423,7.1914480077745395,-60.896130346232184,98.96995708154506,7.171635777598723,-38.31231813773036
269.617905253,7.1914480077745395,-60.896130346232184,98.96995708154506,7.171635777598723,-38.31231813773036
269.651341212,7.1914480077745395,-60.896130346232184,98.96995708154506,7.171635777598723,-38.31231813773036
269.684772783,7.1914480077745395,-60.896130346232184,98.96995708154506,7.171635777598723,-38.31231813773036
269.718227723,7.1914480077745395,-60.896130346232184,98.96995708154506,7.171635777598723,-38.31231813773036
269.751660349,7.1914480077745395,-60.896130346232184,98.96995708154506,7.171635777598723,-38.31231813773036
269.785088327,7.1914480077745395,-60.896130346232184,98.96995708154506,7.171635777598723,-38.31231813773036
269.818543694,7.1914480077745395,-60.896130346232184,98.96995708154506,7.171635777598723,-38.31231813773036
269.851973801,7.1914480077745395,-60.896130346232184,98.96995708154506,7.171635777598723,-38.21532492725509
269.885406075,7.1914480077745395,-60.896130346232184,98.96995708154506,7.171635777598723,-37.43937924345296
269.918908513,7.1914480077745395,-60.896130346232184,99.0557939914163,7.171635777598723,-36.27546071774975
269.95233532,7.1914480077745395,-60.896130346232184,99.0557939914163,7.171635777598723,-34.43258971871968
269.98576233,7.1914480077745395,-60.896130346232184,99.0557939914163,6.688154713940378,-32.201745877788554
270.019248989,7.1914480077745395,-60.896130346232184,99.0557939914163,6.526994359387601,-29.776915615906887
270.052679889,7.1914480077745395,-60.896130346232184,99.0557939914163,6.526994359387601,-27.06110572259942
270.086108955,7.1914480077745395,-60.896130346232184,98.88412017167383,6.526994359387601,-24.53928225024248
270.119608928,7.1914480077745395,-60.896130346232184,98.71244635193133,6.446414182111198,-22.01745877788555
270.153035865,7.1914480077745395,-60.896130346232184,98.54077253218884,6.446414182111198,-19.689621726479146
270.186464857,7.1914480077745395,-60.9775967413442,98.54077253218884,6.446414182111198,-17.458777885548017
270.219959368,7.1914480077745395,-60.9775967413442,98.4549356223176,6.446414182111198,-15.42192046556741
270.253387341,7.288629737609327,-60.9775967413442,98.36909871244634,6.446414182111198,-13.48205625606208
270.286815315,7.288629737609327,-60.9775967413442,98.36909871244634,6.365834004834809,-11.736178467507273
270.320243548,7.288629737609327,-60.9775967413442,98.28326180257511,6.365834004834809,-10.087293889427741
270.353671522,7.288629737609327,-60.9775967413442,98.28326180257511,6.365834004834809,-8.535402521823471
270.387096144,7.288629737609327,-60.9775967413442,98.28326180257511,6.365834004834809,-7.177497575169738
270.420578136,7.288629737609327,-60.9775967413442,98.28326180257511,6.365834004834809,-5.819592628516006
270.454005554,7.288629737609327,-60.9775967413442,98.28326180257511,6.365834004834809,-4.558680892337534
270.487437824,7.288629737609327,-60.9775967413442,98.19742489270388,6.365834004834809,-3.394762366634339
270.520896482,7.288629737609327,-60.9775967413442,98.19742489270388,6.365834004834809,-2.327837051406405
270.554328234,7.288629737609327,-60.9775967413442,98.19742489270388,6.365834004834809,-1.2609117361784712
270.587754208,7.288629737609327,-60.9775967413442,98.19742489270388,6.365834004834809,-0.1939864209505373
270.621209866,7.288629737609327,-60.9775967413442,98.19742489270388,6.365834004834809,0.7759456838021208
270.654646988,7.288629737609327,-60.9775967413442,98.19742489270388,6.365834004834809,1.6488845780795174
270.688079369,7.288629737609327,-60.9775967413442,98.19742489270388,6.365834004834809,2.6188166828321897
270.721584009,7.288629737609327,-60.9775967413442,98.19742489270388,6.365834004834809,3.4917555771096147
270.755007964,7.288629737609327,-60.9775967413442,98.19742489270388,6.365834004834809,4.461687681862259
270.788433105,7.288629737609327,-60.9775967413442,98.19742489270388,6.365834004834809,5.334626576139684
270.821913967,7.288629737609327,-60.9775967413442,98.19742489270388,6.365834004834809,6.401551891367603
270.855342478,7.288629737609327,-60.9775967413442,98.19742489270388,6.365834004834809,7.371483996120261
270.888770396,7.288629737609327,-60.9775967413442,98.19742489270388,6.365834004834809,8.43840931134821
270.92226157,7.288629737609327,-60.9775967413442,98.19742489270388,6.365834004834809,9.408341416100868
270.955685688,7.288629737609327,-60.9775967413442,98.11158798283262,6.365834004834809,10.37827352085354
270.989111176,7.288629737609327,-60.9775967413442,98.11158798283262,6.365834004834809,11.348205625606212
271.022599553,7.288629737609327,-60.9775967413442,98.11158798283262,6.365834004834809,12.124151309408333
271.056029041,7.288629737609327,-60.9775967413442,98.11158798283262,6.365834004834809,12.900096993210482
271.089461659,7.288629737609327,-60.9775967413442,98.11158798283262,6.365834004834809,13.191076624636281
271.12292198,7.288629737609327,-60.9775967413442,98.11158798283262,6.365834004834809,13.288069835111543
271.15635595,7.288629737609327,-60.9775967413442,98.11158798283262,6.365834004834809,13.288069835111543
271.18978942,7.288629737609327,-60.9775967413442,98.11158798283262,6.365834004834809,13.288069835111543
271.223243278,7.288629737609327,-61.14052953156823,98.11158798283262,6.365834004834809,13.288069835111543
271.256674025,7.288629737609327,-61.54786150712831,98.11158798283262,6.365834004834809,13.288069835111543
271.290104939,7.288629737609327,-62.28105906313645,98.11158798283262,6.365834004834809,13.288069835111543
271.323560724,7.288629737609327,-63.014256619144604,98.11158798283262,6.446414182111198,13.288069835111543
271.356990842,7.288629737609327,-63.82892057026476,98.11158798283262,7.091055600322321,13.288069835111543
271.390420126,7.288629737609327,-64.31771894093686,98.11158798283262,7.252215954875112,13.288069835111543
271.423875855,7.288629737609327,-64.5621181262729,98.11158798283262,7.252215954875112,13.288069835111543
271.457307473,7.288629737609327,-64.80651731160896,98.11158798283262,7.3327961321515005,13.288069835111543
271.490738294,7.288629737609327,-64.88798370672097,98.11158798283262,7.3327961321515005,13.385063045586804
271.524196986,7.288629737609327,-64.88798370672097,98.11158798283262,7.413376309427889,13.385063045586804
271.557625585,7.288629737609327,-64.88798370672097,98.19742489270388,7.413376309427889,13.385063045586804
271.591056758,7.288629737609327,-64.88798370672097,98.19742489270388,7.493956486704278,13.385063045586804
271.624512821,7.288629737609327,-64.88798370672097,98.19742489270388,7.896857373086235,13.385063045586804
271.65794479,7.288629737609327,-64.88798370672097,98.19742489270388,8.783239323126509,13.385063045586804
271.691375945,7.288629737609327,-64.88798370672097,98.11158798283262,10.072522159548754,13.385063045586804
271.724829229,7.288629737609327,-64.88798370672097,98.02575107296136,11.84528605962933,13.385063045586804
271.758261088,7.288629737609327,-64.88798370672097,97.76824034334763,13.859790491539087,13.288069835111543
271.791693409,7.288629737609327,-64.88798370672097,96.82403433476395,16.035455278001606,13.288069835111543
271.825148601,7.288629737609327,-64.88798370672097,95.36480686695279,18.211120064464154,13.288069835111543
271.858579774,7.1914480077745395,-64.88798370672097,93.47639484978541,20.467365028203062,13.288069835111543
271.892031614,7.1914480077745395,-64.88798370672097,91.50214592274679,22.562449637389207,13.288069835111543
271.92548847,7.1914480077745395,-64.88798370672097,89.52789699570815,24.81869460112813,13.288069835111543
271.958923028,7.1914480077745395,-64.80651731160896,87.55364806866953,26.99435938759065,13.676042677012617
271.99235616,7.1914480077745395,-64.80651731160896,85.66523605150215,29.00886381950042,13.676042677012617
272.025818607,7.1914480077745395,-64.80651731160896,83.94849785407726,31.023368251410147,13.385063045586804
272.059246017,7.1914480077745395,-64.72505091649694,82.3175965665236,32.796132151490724,13.385063045586804
272.092678779,7.1914480077745395,-64.64358452138492,80.9442060085837,34.08541498791297,13.288069835111543
272.126135948,7.1914480077745395,-63.9918533604888,79.65665236051501,35.45527800161162,13.288069835111543
272.159566007,7.1914480077745395,-62.85132382892057,78.4549356223176,36.66398066075743,13.288069835111543
272.19299425,7.1914480077745395,-61.38492871690428,77.25321888412017,37.63094278807412,13.288069835111543
272.226445956,7.1914480077745395,-59.75560081466395,76.05150214592277,38.356164383561634,13.288069835111543
272.259873681,7.1914480077745395,-57.96334012219959,74.93562231759657,38.92022562449637,13.288069835111543
272.293306147,7.1914480077745395,-56.33401221995927,73.8197424892704,39.24254633360192,13.288069835111543
272.326761372,7.094266277939738,-54.78615071283095,72.78969957081546,39.40370668815473,13.288069835111543
272.360191893,6.899902818270178,-53.564154786150716,71.84549356223175,39.88718775181306,13.288069835111543
272.393618099,6.899902818270178,-52.58655804480652,70.98712446351931,40.048348106365836,13.288069835111543
272.42707412,6.997084548104951,-51.69042769857434,70.30042918454936,40.12892828364224,13.288069835111543
272.460505753,7.094266277939738,-50.87576374745417,69.69957081545064,40.12892828364224,13.288069835111543
272.493936107,7.1914480077745395,-50.38696537678208,69.35622317596565,40.290088638195016,13.288069835111543
272.527391665,7.1914480077745395,-49.979633401222,69.09871244635193,40.37066881547139,13.288069835111543
272.560819705,7.1914480077745395,-49.490835030549896,68.92703862660946,40.45124899274779,13.288069835111543
272.594249504,7.1914480077745395,-49.164969450101836,68.92703862660946,40.45124899274779,13.288069835111543
272.627704951,7.1914480077745395,-48.920570264765786,68.92703862660946,40.45124899274779,13.288069835111543
272.661135768,7.1914480077745395,-48.594704684317726,68.92703862660946,40.45124899274779,13.288069835111543
272.694566493,7.1914480077745395,-48.10590631364562,68.92703862660946,40.45124899274779,13.288069835111543
272.728037885,7.1914480077745395,-47.53564154786151,68.92703862660946,40.45124899274779,13.288069835111543
272.761469276,7.1914480077745395,-46.883910386965375,68.92703862660946,40.45124899274779,13.288069835111543
272.794899001,7.1914480077745395,-46.23217922606925,69.01287553648069,40.45124899274779,13.288069835111543
272.828353041,7.1914480077745395,-45.580448065173115,69.01287553648069,40.45124899274779,13.288069835111543
272.861782414,7.1914480077745395,-44.84725050916497,69.01287553648069,40.45124899274779,13.191076624636281
272.895214916,7.1914480077745395,-44.19551934826884,68.8412017167382,40.45124899274779,13.191076624636281
272.928669415,7.1914480077745395,-43.62525458248473,68.66952789699573,40.45124899274779,13.191076624636281
272.962100395,7.1914480077745395,-43.054989816700605,68.58369098712447,39.806607574536656,13.191076624636281
272.995534079,7.1914480077745395,-42.64765784114053,68.58369098712447,39.64544721998388,13.191076624636281
273.029082744,7.1914480077745395,-42.24032586558045,68.58369098712447,39.564867042707505,13.191076624636281
273.062516113,7.1914480077745395,-41.9959266802444,68.58369098712447,39.564867042707505,13.191076624636281
273.095944631,7.1914480077745395,-41.83299389002036,68.58369098712447,39.4842868654311,13.191076624636281
273.129402833,7.1914480077745395,-41.83299389002036,68.58369098712447,39.4842868654311,13.191076624636281
273.162831535,7.1914480077745395,-41.83299389002036,68.58369098712447,39.4842868654311,13.191076624636281
273.196255905,7.1914480077745395,-41.83299389002036,68.49785407725321,39.4842868654311,13.191076624636281
273.22975007,7.1914480077745395,-41.83299389002036,68.49785407725321,39.40370668815473,13.191076624636281
273.26319392,7.1914480077745395,-41.83299389002036,68.49785407725321,39.40370668815473,13.191076624636281
273.296630437,7.1914480077745395,-41.83299389002036,68.49785407725321,39.40370668815473,13.191076624636281
273.330145454,7.1914480077745395,-41.83299389002036,68.41201716738198,39.24254633360192,13.191076624636281
273.363577509,7.1914480077745395,-41.83299389002036,68.41201716738198,38.43674456083804,13.191076624636281
273.397005563,7.1914480077745395,-41.83299389002036,68.06866952789699,37.228041901692166,13.191076624636281
273.430456414,7.1914480077745395,-41.83299389002036,67.63948497854076,35.69701853344077,13.191076624636281
273.46388232,7.1914480077745395,-41.751527494908345,67.55364806866953,33.92425463336019,13.191076624636281
273.497309152,7.1914480077745395,-41.751527494908345,67.55364806866953,31.99033037872684,13.191076624636281
273.530798243,7.1914480077745395,-41.751527494908345,67.63948497854076,30.13698630136986,13.191076624636281
273.564226186,7.1914480077745395,-41.751527494908345,67.81115879828326,28.283642224012908,13.191076624636281
273.597658111,7.1914480077745395,-41.751527494908345,67.98283261802575,26.672038678485094,13.191076624636281
273.631162424,7.1914480077745395,-41.751527494908345,68.06866952789699,25.14101531023367,13.191076624636281
273.664587608,7.288629737609327,-41.751527494908345,68.06866952789699,23.771152296535064,13.191076624636281
273.698011014,7.288629737609327,-41.751527494908345,68.06866952789699,22.401289282836416,13.191076624636281
273.731492809,7.288629737609327,-41.751527494908345,68.06866952789699,21.192586623690573,13.191076624636281
273.764922845,7.288629737609327,-41.751527494908345,68.06866952789699,19.983883964544717,13.191076624636281
273.798352751,7.288629737609327,-41.751527494908345,68.06866952789699,18.936341659951665,13.191076624636281
273.831810379,7.288629737609327,-41.751527494908345,68.15450643776825,17.888799355358586,13.191076624636281
273.86524323,7.288629737609327,-41.751527494908345,68.15450643776825,17.48589846897663,13.191076624636281
273.898676284,7.288629737609327,-41.751527494908345,68.15450643776825,17.082997582594686,13.288069835111543
273.932138519,7.288629737609327,-41.751527494908345,68.15450643776825,16.68009669621273,13.288069835111543
273.965571829,7.288629737609327,-41.751527494908345,68.15450643776825,16.68009669621273,13.288069835111543
273.99900725,7.288629737609327,-41.751527494908345,68.15450643776825,16.68009669621273,13.288069835111543
274.032531985,7.288629737609327,-41.751527494908345,68.15450643776825,16.68009669621273,13.288069835111543
274.065961424,7.288629737609327,-41.751527494908345,68.15450643776825,16.68009669621273,13.288069835111543
274.099385419,7.288629737609327,-41.751527494908345,68.32618025751074,16.68009669621273,13.288069835111543
274.132833655,7.288629737609327,-41.751527494908345,68.66952789699573,16.68009669621273,13.288069835111543
274.166256446,7.288629737609327,-41.751527494908345,69.09871244635193,16.68009669621273,13.288069835111543
274.199679626,7.288629737609327,-41.751527494908345,69.69957081545064,16.68009669621273,13.288069835111543
274.233100251,7.288629737609327,-41.751527494908345,70.30042918454936,16.68009669621273,13.288069835111543
274.266527023,7.288629737609327,-41.751527494908345,70.90128755364807,16.035455278001606,13.288069835111543
274.299959296,7.288629737609327,-41.751527494908345,71.07296137339057,16.116035455277995,13.288069835111543
274.333417272,7.288629737609327,-41.751527494908345,71.1587982832618,15.954875100725218,13.482056256062066
274.366849563,7.288629737609327,-41.751527494908345,71.41630901287556,15.87429492344883,14.064015518913678
274.400281929,7.288629737609327,-41.751527494908345,71.50214592274676,15.79371474617244,13.676042677012617
274.433735386,7.288629737609327,-41.751527494908345,71.50214592274676,15.79371474617244,13.288069835111543
274.467169363,7.288629737609327,-41.751527494908345,71.50214592274676,15.713134568896052,13.288069835111543
274.500602598,7.288629737609327,-41.751527494908345,71.41630901287556,15.713134568896052,13.288069835111543
274.534062704,7.288629737609327,-41.751527494908345,71.3304721030043,15.713134568896052,13.288069835111543
274.56749531,7.288629737609327,-41.751527494908345,71.24463519313304,15.713134568896052,13.288069835111543
274.600924787,7.288629737609327,-41.751527494908345,71.24463519313304,15.713134568896052,13.288069835111543
274.634384393,7.288629737609327,-41.751527494908345,71.24463519313304,15.713134568896052,13.288069835111543
274.667816998,7.288629737609327,-41.751527494908345,71.24463519313304,15.713134568896052,13.288069835111543
274.701249808,7.288629737609327,-41.751527494908345,71.24463519313304,15.713134568896052,13.288069835111543
274.734707118,7.288629737609327,-41.751527494908345,71.24463519313304,15.713134568896052,13.288069835111543
274.768135742,7.288629737609327,-41.751527494908345,71.24463519313304,15.713134568896052,13.288069835111543
274.801566348,7.288629737609327,-41.751527494908345,71.24463519313304,15.713134568896052,13.288069835111543
274.835023584,7.288629737609327,-41.83299389002036,71.24463519313304,15.713134568896052,13.288069835111543
274.868454208,7.288629737609327,-41.9959266802444,71.24463519313304,15.713134568896052,13.288069835111543
274.901886999,7.288629737609327,-41.9959266802444,71.24463519313304,15.713134568896052,13.288069835111543
274.935342342,7.288629737609327,-41.9959266802444,71.24463519313304,15.713134568896052,13.288069835111543
274.968776963,7.288629737609327,-41.9959266802444,71.24463519313304,15.713134568896052,13.288069835111543
275.002212028,7.288629737609327,-41.9959266802444,71.24463519313304,15.713134568896052,13.288069835111543
275.035672464,7.288629737609327,-42.07739307535642,71.24463519313304,15.713134568896052,13.288069835111543
275.069104269,7.288629737609327,-42.07739307535642,71.24463519313304,15.713134568896052,13.288069835111543
275.102534279,7.288629737609327,-42.07739307535642,71.24463519313304,15.713134568896052,13.288069835111543
275.135988103,7.288629737609327,-42.07739307535642,71.24463519313304,15.713134568896052,13.288069835111543
275.169419743,7.288629737609327,-42.158859470468435,71.24463519313304,15.713134568896052,13.288069835111543
275.202851234,7.288629737609327,-42.24032586558045,71.24463519313304,15.713134568896052,13.288069835111543
275.236309058,7.288629737609327,-42.32179226069246,71.24463519313304,15.713134568896052,13.288069835111543
275.269737308,7.288629737609327,-42.32179226069246,71.24463519313304,15.713134568896052,13.288069835111543
275.303170651,7.288629737609327,-42.40325865580448,71.24463519313304,15.713134568896052,13.288069835111543
275.336628012,7.288629737609327,-42.40325865580448,71.24463519313304,15.713134568896052,13.288069835111543
275.370058948,7.288629737609327,-42.40325865580448,71.24463519313304,15.713134568896052,13.288069835111543
275.403490161,7.288629737609327,-42.40325865580448,71.24463519313304,15.713134568896052,13.288069835111543
275.436941967,7.288629737609327,-42.40325865580448,71.24463519313304,15.713134568896052,13.288069835111543
275.470380236,7.288629737609327,-42.40325865580448,71.24463519313304,15.713134568896052,13.288069835111543
275.503813746,7.288629737609327,-42.40325865580448,71.24463519313304,15.713134568896052,13.288069835111543
275.537321681,7.288629737609327,-42.40325865580448,71.24463519313304,15.713134568896052,13.288069835111543
275.570747764,7.288629737609327,-42.40325865580448,71.24463519313304,15.713134568896052,13.288069835111543
275.604170737,7.288629737609327,-42.40325865580448,71.24463519313304,15.713134568896052,13.288069835111543
